match_key,season,event_key,event_name,region,match_number,red_team_1,red_team_2,blue_team_1,blue_team_2,red_score,blue_score,score_diff,winner,is_playoff
1819-TX-E01-Q-001,1819,1819-TX-E01,Mock Event E01,TX,1,1949,8171,16062,21517,193,273,-80,blue,False
1819-TX-E01-Q-002,1819,1819-TX-E01,Mock Event E01,TX,2,22746,21517,5289,8171,203,161,42,red,False
1819-TX-E01-Q-003,1819,1819-TX-E01,Mock Event E01,TX,3,1949,16062,22746,21729,160,93,67,red,False
1819-TX-E01-Q-004,1819,1819-TX-E01,Mock Event E01,TX,4,8171,18170,22030,1949,232,134,98,red,False
1819-TX-E01-Q-005,1819,1819-TX-E01,Mock Event E01,TX,5,8171,18170,19905,2113,218,242,-24,blue,False
1819-TX-E01-Q-006,1819,1819-TX-E01,Mock Event E01,TX,6,5289,16062,2113,1949,140,200,-60,blue,False
1819-TX-E01-Q-007,1819,1819-TX-E01,Mock Event E01,TX,7,5626,8171,1949,5289,173,214,-41,blue,False
1819-TX-E01-Q-008,1819,1819-TX-E01,Mock Event E01,TX,8,19905,5626,22030,1949,175,163,12,red,False
1819-TX-E01-Q-009,1819,1819-TX-E01,Mock Event E01,TX,9,8171,19905,22746,1949,176,181,-5,blue,False
1819-TX-E01-Q-010,1819,1819-TX-E01,Mock Event E01,TX,10,18170,1949,5682,22030,228,166,62,red,False
1819-TX-E01-Q-011,1819,1819-TX-E01,Mock Event E01,TX,11,22030,19905,2113,21729,152,156,-4,blue,False
1819-TX-E01-Q-012,1819,1819-TX-E01,Mock Event E01,TX,12,19905,21729,8171,16062,130,164,-34,blue,False
1819-TX-E01-Q-013,1819,1819-TX-E01,Mock Event E01,TX,13,5626,18170,22030,5682,223,156,67,red,False
1819-TX-E01-Q-014,1819,1819-TX-E01,Mock Event E01,TX,14,5289,2113,18170,21517,216,246,-30,blue,False
1819-TX-E01-Q-015,1819,1819-TX-E01,Mock Event E01,TX,15,21517,22746,22030,5682,275,158,117,red,False
1819-TX-E01-Q-016,1819,1819-TX-E01,Mock Event E01,TX,16,22030,19905,22746,2113,141,249,-108,blue,False
1819-TX-E01-E-SF1-1,1819,1819-TX-E01,Mock Event E01,TX,1,2113,16062,5626,5682,260,224,36,red,True
1819-TX-E01-E-SF1-2,1819,1819-TX-E01,Mock Event E01,TX,2,2113,16062,5626,5682,262,247,15,red,True
1819-TX-E01-E-SF2-1,1819,1819-TX-E01,Mock Event E01,TX,1,21517,5289,18170,1949,243,226,17,red,True
1819-TX-E01-E-SF2-2,1819,1819-TX-E01,Mock Event E01,TX,2,21517,5289,18170,1949,257,232,25,red,True
1819-TX-E01-E-SF2-3,1819,1819-TX-E01,Mock Event E01,TX,3,21517,5289,18170,1949,253,235,18,red,True
1819-TX-E01-E-F-1,1819,1819-TX-E01,Mock Event E01,TX,1,2113,16062,21517,5289,249,235,14,red,True
1819-TX-E01-E-F-2,1819,1819-TX-E01,Mock Event E01,TX,2,2113,16062,21517,5289,229,227,2,red,True
1819-TX-E04-Q-001,1819,1819-TX-E04,Mock Event E04,TX,1,8696,8028,21396,5613,220,195,25,red,False
1819-TX-E04-Q-002,1819,1819-TX-E04,Mock Event E04,TX,2,6066,5613,16928,2739,178,169,9,red,False
1819-TX-E04-Q-003,1819,1819-TX-E04,Mock Event E04,TX,3,8696,2770,21170,21396,222,192,30,red,False
1819-TX-E04-Q-004,1819,1819-TX-E04,Mock Event E04,TX,4,24116,5613,16362,2739,173,124,49,red,False
1819-TX-E04-Q-005,1819,1819-TX-E04,Mock Event E04,TX,5,16362,21170,24116,21396,151,161,-10,blue,False
1819-TX-E04-Q-006,1819,1819-TX-E04,Mock Event E04,TX,6,21396,9907,8696,2770,181,215,-34,blue,False
1819-TX-E04-Q-007,1819,1819-TX-E04,Mock Event E04,TX,7,2770,16928,21896,8696,198,153,45,red,False
1819-TX-E04-Q-008,1819,1819-TX-E04,Mock Event E04,TX,8,21396,21170,16928,21896,205,152,53,red,False
1819-TX-E04-Q-009,1819,1819-TX-E04,Mock Event E04,TX,9,14966,6066,21170,8028,140,212,-72,blue,False
1819-TX-E04-Q-010,1819,1819-TX-E04,Mock Event E04,TX,10,16928,6066,21170,2739,189,174,15,red,False
1819-TX-E04-Q-011,1819,1819-TX-E04,Mock Event E04,TX,11,8696,24116,2770,21896,110,145,-35,blue,False
1819-TX-E04-Q-012,1819,1819-TX-E04,Mock Event E04,TX,12,2739,5613,14966,9907,143,151,-8,blue,False
1819-TX-E04-Q-013,1819,1819-TX-E04,Mock Event E04,TX,13,21396,9907,2770,2739,152,185,-33,blue,False
1819-TX-E04-Q-014,1819,1819-TX-E04,Mock Event E04,TX,14,8028,10135,21896,14966,262,115,147,red,False
1819-TX-E04-Q-015,1819,1819-TX-E04,Mock Event E04,TX,15,16928,21170,2739,21396,167,154,13,red,False
1819-TX-E04-Q-016,1819,1819-TX-E04,Mock Event E04,TX,16,5613,10135,9907,21896,256,94,162,red,False
1819-TX-E04-Q-017,1819,1819-TX-E04,Mock Event E04,TX,17,16362,21896,24116,9907,150,135,15,red,False
1819-TX-E04-Q-018,1819,1819-TX-E04,Mock Event E04,TX,18,2770,14966,15172,8696,161,157,4,red,False
1819-TX-E04-Q-019,1819,1819-TX-E04,Mock Event E04,TX,19,21170,21396,21896,8696,144,136,8,red,False
1819-TX-E04-Q-020,1819,1819-TX-E04,Mock Event E04,TX,20,21396,8696,16362,2739,154,151,3,red,False
1819-TX-E04-E-SF1-1,1819,1819-TX-E04,Mock Event E04,TX,1,10135,8696,2770,6066,206,249,-43,blue,True
1819-TX-E04-E-SF1-2,1819,1819-TX-E04,Mock Event E04,TX,2,10135,8696,2770,6066,230,206,24,red,True
1819-TX-E04-E-SF1-3,1819,1819-TX-E04,Mock Event E04,TX,3,10135,8696,2770,6066,225,239,-14,blue,True
1819-TX-E04-E-SF2-1,1819,1819-TX-E04,Mock Event E04,TX,1,5613,15172,8028,21396,193,222,-29,blue,True
1819-TX-E04-E-SF2-2,1819,1819-TX-E04,Mock Event E04,TX,2,5613,15172,8028,21396,224,238,-14,blue,True
1819-TX-E04-E-SF2-3,1819,1819-TX-E04,Mock Event E04,TX,3,5613,15172,8028,21396,193,205,-12,blue,True
1819-TX-E04-E-F-1,1819,1819-TX-E04,Mock Event E04,TX,1,10135,8696,5613,15172,235,238,-3,blue,True
1819-TX-E04-E-F-2,1819,1819-TX-E04,Mock Event E04,TX,2,10135,8696,5613,15172,199,205,-6,blue,True
1819-TX-E04-E-F-3,1819,1819-TX-E04,Mock Event E04,TX,3,10135,8696,5613,15172,226,209,17,red,True
1819-TX-E03-Q-001,1819,1819-TX-E03,Mock Event E03,TX,1,16524,17285,3008,17276,203,186,17,red,False
1819-TX-E03-Q-002,1819,1819-TX-E03,Mock Event E03,TX,2,1485,9005,10315,20065,112,262,-150,blue,False
1819-TX-E03-Q-003,1819,1819-TX-E03,Mock Event E03,TX,3,15210,16524,10315,20065,199,197,2,red,False
1819-TX-E03-Q-004,1819,1819-TX-E03,Mock Event E03,TX,4,20065,15476,3985,19016,267,189,78,red,False
1819-TX-E03-Q-005,1819,1819-TX-E03,Mock Event E03,TX,5,10810,1485,11030,9524,123,283,-160,blue,False
1819-TX-E03-Q-006,1819,1819-TX-E03,Mock Event E03,TX,6,11030,19170,21765,11463,241,192,49,red,False
1819-TX-E03-Q-007,1819,1819-TX-E03,Mock Event E03,TX,7,12024,10315,1485,16524,234,156,78,red,False
1819-TX-E03-Q-008,1819,1819-TX-E03,Mock Event E03,TX,8,15210,17276,19170,9005,165,208,-43,blue,False
1819-TX-E03-Q-009,1819,1819-TX-E03,Mock Event E03,TX,9,17276,3985,5722,3008,102,224,-122,blue,False
1819-TX-E03-Q-010,1819,1819-TX-E03,Mock Event E03,TX,10,15210,12931,24086,15476,245,307,-62,blue,False
1819-TX-E03-Q-011,1819,1819-TX-E03,Mock Event E03,TX,11,19016,15476,6011,21765,260,213,47,red,False
1819-TX-E03-Q-012,1819,1819-TX-E03,Mock Event E03,TX,12,18740,11030,19170,19016,171,161,10,red,False
1819-TX-E03-Q-013,1819,1819-TX-E03,Mock Event E03,TX,13,18740,9005,17285,1485,145,148,-3,blue,False
1819-TX-E03-Q-014,1819,1819-TX-E03,Mock Event E03,TX,14,16524,14974,3008,19016,207,235,-28,blue,False
1819-TX-E03-Q-015,1819,1819-TX-E03,Mock Event E03,TX,15,21765,9524,15210,14974,181,157,24,red,False
1819-TX-E03-Q-016,1819,1819-TX-E03,Mock Event E03,TX,16,9524,3985,10810,11463,174,179,-5,blue,False
1819-TX-E03-Q-017,1819,1819-TX-E03,Mock Event E03,TX,17,12931,12024,19735,17285,191,135,56,red,False
1819-TX-E03-Q-018,1819,1819-TX-E03,Mock Event E03,TX,18,5722,12931,15210,10810,182,207,-25,blue,False
1819-TX-E03-Q-019,1819,1819-TX-E03,Mock Event E03,TX,19,24086,10147,3008,10315,215,203,12,red,False
1819-TX-E03-Q-020,1819,1819-TX-E03,Mock Event E03,TX,20,9524,16524,19170,3985,161,182,-21,blue,False
1819-TX-E03-Q-021,1819,1819-TX-E03,Mock Event E03,TX,21,15210,11030,18740,17276,277,132,145,red,False
1819-TX-E03-Q-022,1819,1819-TX-E03,Mock Event E03,TX,22,6011,19735,18740,3985,167,164,3,red,False
1819-TX-E03-Q-023,1819,1819-TX-E03,Mock Event E03,TX,23,3008,3985,5722,17276,227,182,45,red,False
1819-TX-E03-Q-024,1819,1819-TX-E03,Mock Event E03,TX,24,6011,20065,10147,17276,205,157,48,red,False
1819-TX-E03-Q-025,1819,1819-TX-E03,Mock Event E03,TX,25,10147,3985,18740,9524,144,159,-15,blue,False
1819-TX-E03-Q-026,1819,1819-TX-E03,Mock Event E03,TX,26,3985,1485,9005,10147,106,222,-116,blue,False
1819-TX-E03-Q-027,1819,1819-TX-E03,Mock Event E03,TX,27,11475,16524,9005,20065,163,170,-7,blue,False
1819-TX-E03-Q-028,1819,1819-TX-E03,Mock Event E03,TX,28,16524,15476,3985,21765,237,177,60,red,False
1819-TX-E03-Q-029,1819,1819-TX-E03,Mock Event E03,TX,29,6011,15476,9524,19016,244,233,11,red,False
1819-TX-E03-Q-030,1819,1819-TX-E03,Mock Event E03,TX,30,17285,10147,14974,6011,219,162,57,red,False
1819-TX-E03-Q-031,1819,1819-TX-E03,Mock Event E03,TX,31,17276,10810,17285,11463,125,177,-52,blue,False
1819-TX-E03-Q-032,1819,1819-TX-E03,Mock Event E03,TX,32,15210,17285,17276,5722,202,147,55,red,False
1819-TX-E03-Q-033,1819,1819-TX-E03,Mock Event E03,TX,33,18740,19016,9524,11475,205,188,17,red,False
1819-TX-E03-Q-034,1819,1819-TX-E03,Mock Event E03,TX,34,12931,9524,9005,11463,186,195,-9,blue,False
1819-TX-E03-Q-035,1819,1819-TX-E03,Mock Event E03,TX,35,17285,11475,19735,5722,127,192,-65,blue,False
1819-TX-E03-E-SF1-1,1819,1819-TX-E03,Mock Event E03,TX,1,15476,19016,6011,11030,270,259,11,red,True
1819-TX-E03-E-SF1-2,1819,1819-TX-E03,Mock Event E03,TX,2,15476,19016,6011,11030,264,267,-3,blue,True
1819-TX-E03-E-SF2-1,1819,1819-TX-E03,Mock Event E03,TX,1,24086,9524,3008,15210,252,253,-1,blue,True
1819-TX-E03-E-SF2-2,1819,1819-TX-E03,Mock Event E03,TX,2,24086,9524,3008,15210,284,238,46,red,True
1819-TX-E03-E-F-1,1819,1819-TX-E03,Mock Event E03,TX,1,15476,19016,24086,9524,267,267,0,blue,True
1819-TX-E03-E-F-2,1819,1819-TX-E03,Mock Event E03,TX,2,15476,19016,24086,9524,276,263,13,red,True
1819-TX-E03-E-F-3,1819,1819-TX-E03,Mock Event E03,TX,3,15476,19016,24086,9524,262,268,-6,blue,True
1819-TX-E02-Q-001,1819,1819-TX-E02,Mock Event E02,TX,1,23420,9894,15039,2797,228,129,99,red,False
1819-TX-E02-Q-002,1819,1819-TX-E02,Mock Event E02,TX,2,8583,18702,17229,3632,159,195,-36,blue,False
1819-TX-E02-Q-003,1819,1819-TX-E02,Mock Event E02,TX,3,21411,1894,18702,18050,189,191,-2,blue,False
1819-TX-E02-Q-004,1819,1819-TX-E02,Mock Event E02,TX,4,22602,13871,21605,23420,241,236,5,red,False
1819-TX-E02-Q-005,1819,1819-TX-E02,Mock Event E02,TX,5,12598,3632,17229,3272,262,180,82,red,False
1819-TX-E02-Q-006,1819,1819-TX-E02,Mock Event E02,TX,6,19001,2797,12598,23420,200,240,-40,blue,False
1819-TX-E02-Q-007,1819,1819-TX-E02,Mock Event E02,TX,7,6995,7890,15039,23420,124,226,-102,blue,False
1819-TX-E02-Q-008,1819,1819-TX-E02,Mock Event E02,TX,8,8583,12598,1894,9894,174,199,-25,blue,False
1819-TX-E02-Q-009,1819,1819-TX-E02,Mock Event E02,TX,9,3272,18050,15039,3632,211,228,-17,blue,False
1819-TX-E02-Q-010,1819,1819-TX-E02,Mock Event E02,TX,10,7317,18702,15039,21605,195,188,7,red,False
1819-TX-E02-Q-011,1819,1819-TX-E02,Mock Event E02,TX,11,8583,1392,7317,18050,163,153,10,red,False
1819-TX-E02-Q-012,1819,1819-TX-E02,Mock Event E02,TX,12,22602,1392,1894,17229,254,152,102,red,False
1819-TX-E02-Q-013,1819,1819-TX-E02,Mock Event E02,TX,13,18702,3272,1392,22602,193,213,-20,blue,False
1819-TX-E02-Q-014,1819,1819-TX-E02,Mock Event E02,TX,14,19001,12598,1392,7890,215,205,10,red,False
1819-TX-E02-Q-015,1819,1819-TX-E02,Mock Event E02,TX,15,18050,13871,3272,22602,223,213,10,red,False
1819-TX-E02-Q-016,1819,1819-TX-E02,Mock Event E02,TX,16,3632,15039,22602,7317,240,210,30,red,False
1819-TX-E02-Q-017,1819,1819-TX-E02,Mock Event E02,TX,17,21605,7317,23420,1894,180,217,-37,blue,False
1819-TX-E02-Q-018,1819,1819-TX-E02,Mock Event E02,TX,18,21411,9894,15039,17229,213,104,109,red,False
1819-TX-E02-Q-019,1819,1819-TX-E02,Mock Event E02,TX,19,3632,21605,13871,12598,246,266,-20,blue,False
1819-TX-E02-Q-020,1819,1819-TX-E02,Mock Event E02,TX,20,17229,3632,18050,21411,256,217,39,red,False
1819-TX-E02-Q-021,1819,1819-TX-E02,Mock Event E02,TX,21,1894,7317,3272,13871,148,212,-64,blue,False
1819-TX-E02-Q-022,1819,1819-TX-E02,Mock Event E02,TX,22,9894,21411,19001,13871,203,231,-28,blue,False
1819-TX-E02-Q-023,1819,1819-TX-E02,Mock Event E02,TX,23,19001,17229,2797,7890,134,141,-7,blue,False
1819-TX-E02-Q-024,1819,1819-TX-E02,Mock Event E02,TX,24,8583,3632,18702,13871,189,230,-41,blue,False
1819-TX-E02-Q-025,1819,1819-TX-E02,Mock Event E02,TX,25,21605,13871,17229,7890,230,95,135,red,False
1819-TX-E02-Q-026,1819,1819-TX-E02,Mock Event E02,TX,26,1894,15039,23420,1392,190,233,-43,blue,False
1819-TX-E02-E-SF1-1,1819,1819-TX-E02,Mock Event E02,TX,1,3632,18702,22602,12598,266,221,45,red,True
1819-TX-E02-E-SF1-2,1819,1819-TX-E02,Mock Event E02,TX,2,3632,18702,22602,12598,230,235,-5,blue,True
1819-TX-E02-E-SF1-3,1819,1819-TX-E02,Mock Event E02,TX,3,3632,18702,22602,12598,255,266,-11,blue,True
1819-TX-E02-E-SF2-1,1819,1819-TX-E02,Mock Event E02,TX,1,23420,18050,1392,13871,244,247,-3,blue,True
1819-TX-E02-E-SF2-2,1819,1819-TX-E02,Mock Event E02,TX,2,23420,18050,1392,13871,244,251,-7,blue,True
1819-TX-E02-E-SF2-3,1819,1819-TX-E02,Mock Event E02,TX,3,23420,18050,1392,13871,271,238,33,red,True
1819-TX-E02-E-F-1,1819,1819-TX-E02,Mock Event E02,TX,1,3632,18702,23420,18050,246,241,5,red,True
1819-TX-E02-E-F-2,1819,1819-TX-E02,Mock Event E02,TX,2,3632,18702,23420,18050,267,243,24,red,True
1819-TX-E02-E-F-3,1819,1819-TX-E02,Mock Event E02,TX,3,3632,18702,23420,18050,270,272,-2,blue,True
1920-TX-E01-Q-001,1920,1920-TX-E01,Mock Event E01,TX,1,2835,7986,9112,16522,148,148,0,tie,False
1920-TX-E01-Q-002,1920,1920-TX-E01,Mock Event E01,TX,2,15650,16522,9112,20149,200,243,-43,blue,False
1920-TX-E01-Q-003,1920,1920-TX-E01,Mock Event E01,TX,3,15650,16522,18215,4132,197,145,52,red,False
1920-TX-E01-Q-004,1920,1920-TX-E01,Mock Event E01,TX,4,4132,7986,18215,16577,246,155,91,red,False
1920-TX-E01-Q-005,1920,1920-TX-E01,Mock Event E01,TX,5,16577,15807,9112,9138,129,168,-39,blue,False
1920-TX-E01-Q-006,1920,1920-TX-E01,Mock Event E01,TX,6,2835,7986,12045,16522,172,130,42,red,False
1920-TX-E01-Q-007,1920,1920-TX-E01,Mock Event E01,TX,7,4132,15807,16522,23922,105,141,-36,blue,False
1920-TX-E01-Q-008,1920,1920-TX-E01,Mock Event E01,TX,8,2835,7986,9112,16577,171,205,-34,blue,False
1920-TX-E01-Q-009,1920,1920-TX-E01,Mock Event E01,TX,9,4132,9112,9138,7986,208,148,60,red,False
1920-TX-E01-Q-010,1920,1920-TX-E01,Mock Event E01,TX,10,16577,9112,15650,15807,186,155,31,red,False
1920-TX-E01-Q-011,1920,1920-TX-E01,Mock Event E01,TX,11,4132,15650,2835,9138,178,77,101,red,False
1920-TX-E01-Q-012,1920,1920-TX-E01,Mock Event E01,TX,12,23922,4132,2835,15807,162,111,51,red,False
1920-TX-E01-Q-013,1920,1920-TX-E01,Mock Event E01,TX,13,15650,9138,9112,15807,220,205,15,red,False
1920-TX-E01-Q-014,1920,1920-TX-E01,Mock Event E01,TX,14,16522,16577,7986,15650,176,244,-68,blue,False
1920-TX-E01-Q-015,1920,1920-TX-E01,Mock Event E01,TX,15,9112,23922,20149,16522,202,128,74,red,False
1920-TX-E01-Q-016,1920,1920-TX-E01,Mock Event E01,TX,16,18215,16522,16577,9112,148,234,-86,blue,False
1920-TX-E01-E-SF1-1,1920,1920-TX-E01,Mock Event E01,TX,1,15650,4132,12045,20149,197,212,-15,blue,True
1920-TX-E01-E-SF1-2,1920,1920-TX-E01,Mock Event E01,TX,2,15650,4132,12045,20149,214,188,26,red,True
1920-TX-E01-E-SF1-3,1920,1920-TX-E01,Mock Event E01,TX,3,15650,4132,12045,20149,189,199,-10,blue,True
1920-TX-E01-E-SF2-1,1920,1920-TX-E01,Mock Event E01,TX,1,7986,23922,9112,9138,188,194,-6,blue,True
1920-TX-E01-E-SF2-2,1920,1920-TX-E01,Mock Event E01,TX,2,7986,23922,9112,9138,174,242,-68,blue,True
1920-TX-E01-E-SF2-3,1920,1920-TX-E01,Mock Event E01,TX,3,7986,23922,9112,9138,212,212,0,blue,True
1920-TX-E01-E-F-1,1920,1920-TX-E01,Mock Event E01,TX,1,15650,4132,7986,23922,199,211,-12,blue,True
1920-TX-E01-E-F-2,1920,1920-TX-E01,Mock Event E01,TX,2,15650,4132,7986,23922,191,213,-22,blue,True
1920-TX-E01-E-F-3,1920,1920-TX-E01,Mock Event E01,TX,3,15650,4132,7986,23922,188,230,-42,blue,True
1920-TX-E04-Q-001,1920,1920-TX-E04,Mock Event E04,TX,1,22373,12704,3589,6354,210,256,-46,blue,False
1920-TX-E04-Q-002,1920,1920-TX-E04,Mock Event E04,TX,2,22373,12704,5857,6354,205,220,-15,blue,False
1920-TX-E04-Q-003,1920,1920-TX-E04,Mock Event E04,TX,3,12704,13340,24493,12291,274,138,136,red,False
1920-TX-E04-Q-004,1920,1920-TX-E04,Mock Event E04,TX,4,19560,3589,5857,19238,205,206,-1,blue,False
1920-TX-E04-Q-005,1920,1920-TX-E04,Mock Event E04,TX,5,12291,5857,6354,24493,270,119,151,red,False
1920-TX-E04-Q-006,1920,1920-TX-E04,Mock Event E04,TX,6,3589,12704,3130,24493,265,93,172,red,False
1920-TX-E04-Q-007,1920,1920-TX-E04,Mock Event E04,TX,7,12291,3130,13137,24493,193,170,23,red,False
1920-TX-E04-Q-008,1920,1920-TX-E04,Mock Event E04,TX,8,12291,3130,13137,12704,252,255,-3,blue,False
1920-TX-E04-Q-009,1920,1920-TX-E04,Mock Event E04,TX,9,19238,12704,13340,3130,273,164,109,red,False
1920-TX-E04-Q-010,1920,1920-TX-E04,Mock Event E04,TX,10,13340,12704,3589,3130,230,143,87,red,False
1920-TX-E04-Q-011,1920,1920-TX-E04,Mock Event E04,TX,11,12704,3589,5857,3130,265,192,73,red,False
1920-TX-E04-Q-012,1920,1920-TX-E04,Mock Event E04,TX,12,12291,5857,19560,3130,256,153,103,red,False
1920-TX-E04-Q-013,1920,1920-TX-E04,Mock Event E04,TX,13,13137,19560,12291,13340,183,239,-56,blue,False
1920-TX-E04-Q-014,1920,1920-TX-E04,Mock Event E04,TX,14,19238,3589,12704,24493,200,192,8,red,False
1920-TX-E04-Q-015,1920,1920-TX-E04,Mock Event E04,TX,15,6354,13340,19238,12704,238,180,58,red,False
1920-TX-E04-E-SF1-1,1920,1920-TX-E04,Mock Event E04,TX,1,12704,19238,3589,5857,262,233,29,red,True
1920-TX-E04-E-SF1-2,1920,1920-TX-E04,Mock Event E04,TX,2,12704,19238,3589,5857,239,237,2,red,True
1920-TX-E04-E-SF1-3,1920,1920-TX-E04,Mock Event E04,TX,3,12704,19238,3589,5857,247,236,11,red,True
1920-TX-E04-E-SF2-1,1920,1920-TX-E04,Mock Event E04,TX,1,13340,13137,12291,6354,239,247,-8,blue,True
1920-TX-E04-E-SF2-2,1920,1920-TX-E04,Mock Event E04,TX,2,13340,13137,12291,6354,248,248,0,blue,True
1920-TX-E04-E-F-1,1920,1920-TX-E04,Mock Event E04,TX,1,12704,19238,13340,13137,261,248,13,red,True
1920-TX-E04-E-F-2,1920,1920-TX-E04,Mock Event E04,TX,2,12704,19238,13340,13137,245,237,8,red,True
1920-TX-E04-E-F-3,1920,1920-TX-E04,Mock Event E04,TX,3,12704,19238,13340,13137,232,249,-17,blue,True
1920-TX-E02-Q-001,1920,1920-TX-E02,Mock Event E02,TX,1,11146,17357,8473,17921,192,143,49,red,False
1920-TX-E02-Q-002,1920,1920-TX-E02,Mock Event E02,TX,2,8198,9430,18211,21340,141,205,-64,blue,False
1920-TX-E02-Q-003,1920,1920-TX-E02,Mock Event E02,TX,3,3488,18211,7229,5553,181,213,-32,blue,False
1920-TX-E02-Q-004,1920,1920-TX-E02,Mock Event E02,TX,4,1351,6974,17357,19195,134,194,-60,blue,False
1920-TX-E02-Q-005,1920,1920-TX-E02,Mock Event E02,TX,5,21340,4997,18641,23772,245,113,132,red,False
1920-TX-E02-Q-006,1920,1920-TX-E02,Mock Event E02,TX,6,6544,11146,12091,17994,254,169,85,red,False
1920-TX-E02-Q-007,1920,1920-TX-E02,Mock Event E02,TX,7,7229,17921,8198,8473,192,128,64,red,False
1920-TX-E02-Q-008,1920,1920-TX-E02,Mock Event E02,TX,8,3839,8004,21261,6974,175,145,30,red,False
1920-TX-E02-Q-009,1920,1920-TX-E02,Mock Event E02,TX,9,18078,2423,23772,11146,182,71,111,red,False
1920-TX-E02-Q-010,1920,1920-TX-E02,Mock Event E02,TX,10,18078,14947,18211,21340,166,176,-10,blue,False
1920-TX-E02-Q-011,1920,1920-TX-E02,Mock Event E02,TX,11,18211,23665,8473,9430,194,122,72,red,False
1920-TX-E02-Q-012,1920,1920-TX-E02,Mock Event E02,TX,12,6974,18211,12091,4997,191,243,-52,blue,False
1920-TX-E02-Q-013,1920,1920-TX-E02,Mock Event E02,TX,13,4997,23772,15822,2423,159,134,25,red,False
1920-TX-E02-Q-014,1920,1920-TX-E02,Mock Event E02,TX,14,3839,17357,23665,18211,229,218,11,red,False
1920-TX-E02-Q-015,1920,1920-TX-E02,Mock Event E02,TX,15,7229,23772,18078,8473,161,145,16,red,False
1920-TX-E02-Q-016,1920,1920-TX-E02,Mock Event E02,TX,16,9430,12091,4997,21261,142,212,-70,blue,False
1920-TX-E02-Q-017,1920,1920-TX-E02,Mock Event E02,TX,17,21811,21340,12091,18078,247,178,69,red,False
1920-TX-E02-Q-018,1920,1920-TX-E02,Mock Event E02,TX,18,6974,3839,9375,7229,187,188,-1,blue,False
1920-TX-E02-Q-019,1920,1920-TX-E02,Mock Event E02,TX,19,21340,4888,17357,23772,172,174,-2,blue,False
1920-TX-E02-Q-020,1920,1920-TX-E02,Mock Event E02,TX,20,21261,13944,8004,16261,132,124,8,red,False
1920-TX-E02-Q-021,1920,1920-TX-E02,Mock Event E02,TX,21,1351,6408,21340,18078,104,167,-63,blue,False
1920-TX-E02-Q-022,1920,1920-TX-E02,Mock Event E02,TX,22,7229,23665,17357,19195,229,186,43,red,False
1920-TX-E02-Q-023,1920,1920-TX-E02,Mock Event E02,TX,23,8473,5553,17357,17994,144,203,-59,blue,False
1920-TX-E02-Q-024,1920,1920-TX-E02,Mock Event E02,TX,24,8004,18078,6974,23665,169,218,-49,blue,False
1920-TX-E02-Q-025,1920,1920-TX-E02,Mock Event E02,TX,25,21811,6408,11146,8198,235,93,142,red,False
1920-TX-E02-Q-026,1920,1920-TX-E02,Mock Event E02,TX,26,23665,9430,7229,17357,157,228,-71,blue,False
1920-TX-E02-Q-027,1920,1920-TX-E02,Mock Event E02,TX,27,16261,6974,14947,12091,113,128,-15,blue,False
1920-TX-E02-Q-028,1920,1920-TX-E02,Mock Event E02,TX,28,18641,17921,6974,4888,154,176,-22,blue,False
1920-TX-E02-Q-029,1920,1920-TX-E02,Mock Event E02,TX,29,19195,6892,6544,8473,129,214,-85,blue,False
1920-TX-E02-Q-030,1920,1920-TX-E02,Mock Event E02,TX,30,8473,15822,2423,6974,139,172,-33,blue,False
1920-TX-E02-Q-031,1920,1920-TX-E02,Mock Event E02,TX,31,21811,9430,18078,13944,184,141,43,red,False
1920-TX-E02-Q-032,1920,1920-TX-E02,Mock Event E02,TX,32,8198,6974,23665,14947,146,228,-82,blue,False
1920-TX-E02-Q-033,1920,1920-TX-E02,Mock Event E02,TX,33,9430,9375,19195,13944,111,106,5,red,False
1920-TX-E02-Q-034,1920,1920-TX-E02,Mock Event E02,TX,34,13944,23665,6892,9375,148,128,20,red,False
1920-TX-E02-Q-035,1920,1920-TX-E02,Mock Event E02,TX,35,7229,8473,6892,4997,251,243,8,red,False
1920-TX-E02-Q-036,1920,1920-TX-E02,Mock Event E02,TX,36,19195,21340,18078,21811,172,207,-35,blue,False
1920-TX-E02-Q-037,1920,1920-TX-E02,Mock Event E02,TX,37,21340,1351,18078,4888,131,146,-15,blue,False
1920-TX-E02-Q-038,1920,1920-TX-E02,Mock Event E02,TX,38,1351,4888,4997,6408,102,245,-143,blue,False
1920-TX-E02-Q-039,1920,1920-TX-E02,Mock Event E02,TX,39,7229,15822,23772,6408,198,93,105,red,False
1920-TX-E02-Q-040,1920,1920-TX-E02,Mock Event E02,TX,40,5553,4997,15822,23772,191,118,73,red,False
1920-TX-E02-Q-041,1920,1920-TX-E02,Mock Event E02,TX,41,3488,17921,6408,23772,182,89,93,red,False
1920-TX-E02-Q-042,1920,1920-TX-E02,Mock Event E02,TX,42,21261,8473,3488,8198,139,169,-30,blue,False
1920-TX-E02-Q-043,1920,1920-TX-E02,Mock Event E02,TX,43,4997,21340,9430,17994,225,137,88,red,False
1920-TX-E02-E-SF1-1,1920,1920-TX-E02,Mock Event E02,TX,1,4997,18211,7229,23665,258,239,19,red,True
1920-TX-E02-E-SF1-2,1920,1920-TX-E02,Mock Event E02,TX,2,4997,18211,7229,23665,273,235,38,red,True
1920-TX-E02-E-SF1-3,1920,1920-TX-E02,Mock Event E02,TX,3,4997,18211,7229,23665,253,243,10,red,True
1920-TX-E02-E-SF2-1,1920,1920-TX-E02,Mock Event E02,TX,1,6544,6892,21811,17357,247,256,-9,blue,True
1920-TX-E02-E-SF2-2,1920,1920-TX-E02,Mock Event E02,TX,2,6544,6892,21811,17357,237,232,5,red,True
1920-TX-E02-E-F-1,1920,1920-TX-E02,Mock Event E02,TX,1,4997,18211,6544,6892,240,251,-11,blue,True
1920-TX-E02-E-F-2,1920,1920-TX-E02,Mock Event E02,TX,2,4997,18211,6544,6892,263,226,37,red,True
1920-TX-E02-E-F-3,1920,1920-TX-E02,Mock Event E02,TX,3,4997,18211,6544,6892,272,241,31,red,True
1920-TX-E03-Q-001,1920,1920-TX-E03,Mock Event E03,TX,1,1530,20017,14885,20402,221,215,6,red,False
1920-TX-E03-Q-002,1920,1920-TX-E03,Mock Event E03,TX,2,5937,20503,19463,11910,105,157,-52,blue,False
1920-TX-E03-Q-003,1920,1920-TX-E03,Mock Event E03,TX,3,5834,19463,20503,22097,200,182,18,red,False
1920-TX-E03-Q-004,1920,1920-TX-E03,Mock Event E03,TX,4,20402,23476,3474,7690,199,161,38,red,False
1920-TX-E03-Q-005,1920,1920-TX-E03,Mock Event E03,TX,5,2686,1530,1408,18301,180,146,34,red,False
1920-TX-E03-Q-006,1920,1920-TX-E03,Mock Event E03,TX,6,5834,7483,11910,1408,186,149,37,red,False
1920-TX-E03-Q-007,1920,1920-TX-E03,Mock Event E03,TX,7,22097,20017,14885,11910,233,189,44,red,False
1920-TX-E03-Q-008,1920,1920-TX-E03,Mock Event E03,TX,8,20503,5383,5834,7690,120,209,-89,blue,False
1920-TX-E03-Q-009,1920,1920-TX-E03,Mock Event E03,TX,9,5937,1408,3474,20402,86,147,-61,blue,False
1920-TX-E03-Q-010,1920,1920-TX-E03,Mock Event E03,TX,10,20402,14885,7483,10542,194,54,140,red,False
1920-TX-E03-Q-011,1920,1920-TX-E03,Mock Event E03,TX,11,2686,18301,5383,5834,206,125,81,red,False
1920-TX-E03-Q-012,1920,1920-TX-E03,Mock Event E03,TX,12,18301,11910,1408,14300,160,177,-17,blue,False
1920-TX-E03-Q-013,1920,1920-TX-E03,Mock Event E03,TX,13,10542,20017,14885,22097,105,207,-102,blue,False
1920-TX-E03-Q-014,1920,1920-TX-E03,Mock Event E03,TX,14,23476,2686,5834,20017,212,231,-19,blue,False
1920-TX-E03-Q-015,1920,1920-TX-E03,Mock Event E03,TX,15,20503,22097,19463,11910,145,172,-27,blue,False
1920-TX-E03-Q-016,1920,1920-TX-E03,Mock Event E03,TX,16,10542,7483,11910,5937,55,130,-75,blue,False
1920-TX-E03-Q-017,1920,1920-TX-E03,Mock Event E03,TX,17,20402,18301,1408,22097,202,199,3,red,False
1920-TX-E03-Q-018,1920,1920-TX-E03,Mock Event E03,TX,18,7483,1530,10542,14300,132,165,-33,blue,False
1920-TX-E03-Q-019,1920,1920-TX-E03,Mock Event E03,TX,19,18301,19463,2686,5834,207,234,-27,blue,False
1920-TX-E03-Q-020,1920,1920-TX-E03,Mock Event E03,TX,20,18301,5834,2686,20402,232,261,-29,blue,False
1920-TX-E03-Q-021,1920,1920-TX-E03,Mock Event E03,TX,21,7483,5530,14885,22097,122,224,-102,blue,False
1920-TX-E03-Q-022,1920,1920-TX-E03,Mock Event E03,TX,22,14300,18485,23476,2686,250,236,14,red,False
1920-TX-E03-Q-023,1920,1920-TX-E03,Mock Event E03,TX,23,11910,20017,5834,14300,197,237,-40,blue,False
1920-TX-E03-Q-024,1920,1920-TX-E03,Mock Event E03,TX,24,5834,5530,22097,5937,142,183,-41,blue,False
1920-TX-E03-Q-025,1920,1920-TX-E03,Mock Event E03,TX,25,2686,5937,19463,18301,197,144,53,red,False
1920-TX-E03-Q-026,1920,1920-TX-E03,Mock Event E03,TX,26,10542,5834,20402,18301,111,174,-63,blue,False
1920-TX-E03-Q-027,1920,1920-TX-E03,Mock Event E03,TX,27,5937,19463,20503,5834,149,185,-36,blue,False
1920-TX-E03-E-SF1-1,1920,1920-TX-E03,Mock Event E03,TX,1,14300,20017,2686,23476,236,263,-27,blue,True
1920-TX-E03-E-SF1-2,1920,1920-TX-E03,Mock Event E03,TX,2,14300,20017,2686,23476,253,281,-28,blue,True
1920-TX-E03-E-SF2-1,1920,1920-TX-E03,Mock Event E03,TX,1,18485,7690,22097,20402,244,250,-6,blue,True
1920-TX-E03-E-SF2-2,1920,1920-TX-E03,Mock Event E03,TX,2,18485,7690,22097,20402,229,258,-29,blue,True
1920-TX-E03-E-F-1,1920,1920-TX-E03,Mock Event E03,TX,1,14300,20017,18485,7690,257,234,23,red,True
1920-TX-E03-E-F-2,1920,1920-TX-E03,Mock Event E03,TX,2,14300,20017,18485,7690,257,216,41,red,True
1920-TX-E03-E-F-3,1920,1920-TX-E03,Mock Event E03,TX,3,14300,20017,18485,7690,259,222,37,red,True
2021-TX-E04-Q-001,2021,2021-TX-E04,Mock Event E04,TX,1,2760,24767,19651,2217,114,177,-63,blue,False
2021-TX-E04-Q-002,2021,2021-TX-E04,Mock Event E04,TX,2,2217,19651,5399,9504,175,188,-13,blue,False
2021-TX-E04-Q-003,2021,2021-TX-E04,Mock Event E04,TX,3,8319,11119,7611,5491,189,135,54,red,False
2021-TX-E04-Q-004,2021,2021-TX-E04,Mock Event E04,TX,4,19350,3335,2217,8319,175,179,-4,blue,False
2021-TX-E04-Q-005,2021,2021-TX-E04,Mock Event E04,TX,5,7611,16688,3275,11119,160,204,-44,blue,False
2021-TX-E04-Q-006,2021,2021-TX-E04,Mock Event E04,TX,6,11339,2760,19651,5399,226,180,46,red,False
2021-TX-E04-Q-007,2021,2021-TX-E04,Mock Event E04,TX,7,11119,19350,11339,2217,149,262,-113,blue,False
2021-TX-E04-Q-008,2021,2021-TX-E04,Mock Event E04,TX,8,5491,3275,11339,2217,213,274,-61,blue,False
2021-TX-E04-Q-009,2021,2021-TX-E04,Mock Event E04,TX,9,5491,19114,3275,19407,196,212,-16,blue,False
2021-TX-E04-Q-010,2021,2021-TX-E04,Mock Event E04,TX,10,19407,16688,11119,19350,142,170,-28,blue,False
2021-TX-E04-Q-011,2021,2021-TX-E04,Mock Event E04,TX,11,5491,8957,2760,11339,191,208,-17,blue,False
2021-TX-E04-Q-012,2021,2021-TX-E04,Mock Event E04,TX,12,11339,2760,5399,19651,174,180,-6,blue,False
2021-TX-E04-Q-013,2021,2021-TX-E04,Mock Event E04,TX,13,19407,8957,2217,11339,198,276,-78,blue,False
2021-TX-E04-Q-014,2021,2021-TX-E04,Mock Event E04,TX,14,11339,2217,3335,5399,261,183,78,red,False
2021-TX-E04-Q-015,2021,2021-TX-E04,Mock Event E04,TX,15,19114,9504,19350,16688,215,105,110,red,False
2021-TX-E04-Q-016,2021,2021-TX-E04,Mock Event E04,TX,16,3275,2760,8319,19407,196,153,43,red,False
2021-TX-E04-Q-017,2021,2021-TX-E04,Mock Event E04,TX,17,18751,11119,3275,2760,210,207,3,red,False
2021-TX-E04-Q-018,2021,2021-TX-E04,Mock Event E04,TX,18,24767,16688,9504,2217,109,212,-103,blue,False
2021-TX-E04-Q-019,2021,2021-TX-E04,Mock Event E04,TX,19,11119,19651,19407,18751,191,199,-8,blue,False
2021-TX-E04-Q-020,2021,2021-TX-E04,Mock Event E04,TX,20,9504,2217,22159,3335,238,183,55,red,False
2021-TX-E04-Q-021,2021,2021-TX-E04,Mock Event E04,TX,21,7611,8319,19114,14171,182,193,-11,blue,False
2021-TX-E04-Q-022,2021,2021-TX-E04,Mock Event E04,TX,22,22159,19407,18751,2217,165,238,-73,blue,False
2021-TX-E04-Q-023,2021,2021-TX-E04,Mock Event E04,TX,23,11339,16688,8957,11119,219,157,62,red,False
2021-TX-E04-Q-024,2021,2021-TX-E04,Mock Event E04,TX,24,8319,14171,11339,19651,148,171,-23,blue,False
2021-TX-E04-Q-025,2021,2021-TX-E04,Mock Event E04,TX,25,24767,11119,3335,19407,163,182,-19,blue,False
2021-TX-E04-Q-026,2021,2021-TX-E04,Mock Event E04,TX,26,24767,5399,2217,7611,137,155,-18,blue,False
2021-TX-E04-E-SF1-1,2021,2021-TX-E04,Mock Event E04,TX,1,3275,22159,8957,2217,253,241,12,red,True
2021-TX-E04-E-SF1-2,2021,2021-TX-E04,Mock Event E04,TX,2,3275,22159,8957,2217,239,215,24,red,True
2021-TX-E04-E-SF2-1,2021,2021-TX-E04,Mock Event E04,TX,1,11339,19114,18751,9504,266,245,21,red,True
2021-TX-E04-E-SF2-2,2021,2021-TX-E04,Mock Event E04,TX,2,11339,19114,18751,9504,275,241,34,red,True
2021-TX-E04-E-F-1,2021,2021-TX-E04,Mock Event E04,TX,1,3275,22159,11339,19114,269,276,-7,blue,True
2021-TX-E04-E-F-2,2021,2021-TX-E04,Mock Event E04,TX,2,3275,22159,11339,19114,283,246,37,red,True
2021-TX-E03-Q-001,2021,2021-TX-E03,Mock Event E03,TX,1,11806,21762,10302,14699,278,251,27,red,False
2021-TX-E03-Q-002,2021,2021-TX-E03,Mock Event E03,TX,2,14699,21864,14836,16643,223,198,25,red,False
2021-TX-E03-Q-003,2021,2021-TX-E03,Mock Event E03,TX,3,12601,17533,14691,24927,167,140,27,red,False
2021-TX-E03-Q-004,2021,2021-TX-E03,Mock Event E03,TX,4,5892,2714,1222,17533,282,204,78,red,False
2021-TX-E03-Q-005,2021,2021-TX-E03,Mock Event E03,TX,5,9351,12646,21762,24300,208,174,34,red,False
2021-TX-E03-Q-006,2021,2021-TX-E03,Mock Event E03,TX,6,19635,8543,16367,1222,144,152,-8,blue,False
2021-TX-E03-Q-007,2021,2021-TX-E03,Mock Event E03,TX,7,2714,14699,14749,24300,265,117,148,red,False
2021-TX-E03-Q-008,2021,2021-TX-E03,Mock Event E03,TX,8,24300,23891,2714,16643,121,239,-118,blue,False
2021-TX-E03-Q-009,2021,2021-TX-E03,Mock Event E03,TX,9,21003,16367,2639,5545,169,136,33,red,False
2021-TX-E03-Q-010,2021,2021-TX-E03,Mock Event E03,TX,10,24300,5545,3318,12601,167,100,67,red,False
2021-TX-E03-Q-011,2021,2021-TX-E03,Mock Event E03,TX,11,21003,24927,12601,3318,110,63,47,red,False
2021-TX-E03-Q-012,2021,2021-TX-E03,Mock Event E03,TX,12,14691,19635,9351,11806,162,246,-84,blue,False
2021-TX-E03-Q-013,2021,2021-TX-E03,Mock Event E03,TX,13,23891,19635,9351,2639,110,180,-70,blue,False
2021-TX-E03-Q-014,2021,2021-TX-E03,Mock Event E03,TX,14,12601,5892,14836,14315,173,147,26,red,False
2021-TX-E03-Q-015,2021,2021-TX-E03,Mock Event E03,TX,15,8543,23891,21003,14691,168,197,-29,blue,False
2021-TX-E03-Q-016,2021,2021-TX-E03,Mock Event E03,TX,16,5545,2714,14699,14836,170,234,-64,blue,False
2021-TX-E03-Q-017,2021,2021-TX-E03,Mock Event E03,TX,17,5545,16643,5892,14749,145,147,-2,blue,False
2021-TX-E03-Q-018,2021,2021-TX-E03,Mock Event E03,TX,18,16367,12646,2714,5892,141,226,-85,blue,False
2021-TX-E03-Q-019,2021,2021-TX-E03,Mock Event E03,TX,19,12601,2714,16643,14836,188,163,25,red,False
2021-TX-E03-Q-020,2021,2021-TX-E03,Mock Event E03,TX,20,2714,16643,1222,3318,239,142,97,red,False
2021-TX-E03-Q-021,2021,2021-TX-E03,Mock Event E03,TX,21,17533,14315,12601,21864,156,109,47,red,False
2021-TX-E03-Q-022,2021,2021-TX-E03,Mock Event E03,TX,22,5545,1222,24300,2714,187,222,-35,blue,False
2021-TX-E03-Q-023,2021,2021-TX-E03,Mock Event E03,TX,23,12601,21003,23891,5892,138,157,-19,blue,False
2021-TX-E03-Q-024,2021,2021-TX-E03,Mock Event E03,TX,24,5892,19635,21003,14691,145,166,-21,blue,False
2021-TX-E03-Q-025,2021,2021-TX-E03,Mock Event E03,TX,25,21003,21864,14749,24927,181,77,104,red,False
2021-TX-E03-Q-026,2021,2021-TX-E03,Mock Event E03,TX,26,12601,21864,14691,24300,134,187,-53,blue,False
2021-TX-E03-Q-027,2021,2021-TX-E03,Mock Event E03,TX,27,14691,5892,8543,24927,207,153,54,red,False
2021-TX-E03-Q-028,2021,2021-TX-E03,Mock Event E03,TX,28,5545,12601,24927,2714,82,154,-72,blue,False
2021-TX-E03-Q-029,2021,2021-TX-E03,Mock Event E03,TX,29,24927,21864,1222,5892,118,303,-185,blue,False
2021-TX-E03-Q-030,2021,2021-TX-E03,Mock Event E03,TX,30,21003,2639,8543,14691,105,246,-141,blue,False
2021-TX-E03-Q-031,2021,2021-TX-E03,Mock Event E03,TX,31,24927,12646,1222,5545,176,142,34,red,False
2021-TX-E03-Q-032,2021,2021-TX-E03,Mock Event E03,TX,32,23891,21003,17533,19635,139,144,-5,blue,False
2021-TX-E03-Q-033,2021,2021-TX-E03,Mock Event E03,TX,33,23891,19635,16367,21762,77,227,-150,blue,False
2021-TX-E03-E-SF1-1,2021,2021-TX-E03,Mock Event E03,TX,1,14699,10302,21762,17533,272,239,33,red,True
2021-TX-E03-E-SF1-2,2021,2021-TX-E03,Mock Event E03,TX,2,14699,10302,21762,17533,237,231,6,red,True
2021-TX-E03-E-SF1-3,2021,2021-TX-E03,Mock Event E03,TX,3,14699,10302,21762,17533,268,267,1,red,True
2021-TX-E03-E-SF2-1,2021,2021-TX-E03,Mock Event E03,TX,1,2714,5892,9351,16643,234,263,-29,blue,True
2021-TX-E03-E-SF2-2,2021,2021-TX-E03,Mock Event E03,TX,2,2714,5892,9351,16643,246,224,22,red,True
2021-TX-E03-E-F-1,2021,2021-TX-E03,Mock Event E03,TX,1,14699,10302,2714,5892,250,231,19,red,True
2021-TX-E03-E-F-2,2021,2021-TX-E03,Mock Event E03,TX,2,14699,10302,2714,5892,268,252,16,red,True
2021-TX-E03-E-F-3,2021,2021-TX-E03,Mock Event E03,TX,3,14699,10302,2714,5892,263,251,12,red,True
2021-TX-E02-Q-001,2021,2021-TX-E02,Mock Event E02,TX,1,18374,9428,12905,24841,302,263,39,red,False
2021-TX-E02-Q-002,2021,2021-TX-E02,Mock Event E02,TX,2,6451,17682,23204,9428,130,270,-140,blue,False
2021-TX-E02-Q-003,2021,2021-TX-E02,Mock Event E02,TX,3,24841,16724,8885,6451,184,154,30,red,False
2021-TX-E02-Q-004,2021,2021-TX-E02,Mock Event E02,TX,4,9152,8885,24841,18899,159,289,-130,blue,False
2021-TX-E02-Q-005,2021,2021-TX-E02,Mock Event E02,TX,5,1786,18751,6451,18899,170,298,-128,blue,False
2021-TX-E02-Q-006,2021,2021-TX-E02,Mock Event E02,TX,6,3124,2780,8364,18899,174,266,-92,blue,False
2021-TX-E02-Q-007,2021,2021-TX-E02,Mock Event E02,TX,7,2780,2365,24841,9428,179,273,-94,blue,False
2021-TX-E02-Q-008,2021,2021-TX-E02,Mock Event E02,TX,8,16724,6034,18899,10747,152,225,-73,blue,False
2021-TX-E02-Q-009,2021,2021-TX-E02,Mock Event E02,TX,9,1786,10747,24841,18374,174,254,-80,blue,False
2021-TX-E02-Q-010,2021,2021-TX-E02,Mock Event E02,TX,10,18751,1786,6034,18899,188,184,4,red,False
2021-TX-E02-Q-011,2021,2021-TX-E02,Mock Event E02,TX,11,6034,23204,18899,1786,219,198,21,red,False
2021-TX-E02-Q-012,2021,2021-TX-E02,Mock Event E02,TX,12,9428,6034,1786,3124,178,105,73,red,False
2021-TX-E02-Q-013,2021,2021-TX-E02,Mock Event E02,TX,13,21987,10747,2780,6451,119,183,-64,blue,False
2021-TX-E02-Q-014,2021,2021-TX-E02,Mock Event E02,TX,14,16724,24841,8364,10465,187,150,37,red,False
2021-TX-E02-Q-015,2021,2021-TX-E02,Mock Event E02,TX,15,9152,23204,8885,6034,268,154,114,red,False
2021-TX-E02-Q-016,2021,2021-TX-E02,Mock Event E02,TX,16,24841,18588,2365,8364,185,235,-50,blue,False
2021-TX-E02-Q-017,2021,2021-TX-E02,Mock Event E02,TX,17,9152,6034,2780,9428,152,202,-50,blue,False
2021-TX-E02-Q-018,2021,2021-TX-E02,Mock Event E02,TX,18,18588,9428,6451,8885,213,180,33,red,False
2021-TX-E02-Q-019,2021,2021-TX-E02,Mock Event E02,TX,19,2365,6034,6451,8364,181,269,-88,blue,False
2021-TX-E02-Q-020,2021,2021-TX-E02,Mock Event E02,TX,20,18751,8885,23204,16724,217,195,22,red,False
2021-TX-E02-Q-021,2021,2021-TX-E02,Mock Event E02,TX,21,9152,10465,2365,8275,112,174,-62,blue,False
2021-TX-E02-Q-022,2021,2021-TX-E02,Mock Event E02,TX,22,18751,17682,9428,1786,140,202,-62,blue,False
2021-TX-E02-Q-023,2021,2021-TX-E02,Mock Event E02,TX,23,1786,3124,10465,23204,130,233,-103,blue,False
2021-TX-E02-Q-024,2021,2021-TX-E02,Mock Event E02,TX,24,16252,12905,8275,10747,223,103,120,red,False
2021-TX-E02-Q-025,2021,2021-TX-E02,Mock Event E02,TX,25,12905,3124,10465,18374,184,147,37,red,False
2021-TX-E02-Q-026,2021,2021-TX-E02,Mock Event E02,TX,26,8275,10465,24841,21987,98,124,-26,blue,False
2021-TX-E02-Q-027,2021,2021-TX-E02,Mock Event E02,TX,27,10465,6034,21987,16724,90,105,-15,blue,False
2021-TX-E02-Q-028,2021,2021-TX-E02,Mock Event E02,TX,28,10747,9152,16252,21987,181,117,64,red,False
2021-TX-E02-Q-029,2021,2021-TX-E02,Mock Event E02,TX,29,16252,6451,18751,10747,212,182,30,red,False
2021-TX-E02-Q-030,2021,2021-TX-E02,Mock Event E02,TX,30,9428,3124,23204,18588,219,181,38,red,False
2021-TX-E02-E-SF1-1,2021,2021-TX-E02,Mock Event E02,TX,1,9428,18751,23204,2365,298,299,-1,blue,True
2021-TX-E02-E-SF1-2,2021,2021-TX-E02,Mock Event E02,TX,2,9428,18751,23204,2365,257,283,-26,blue,True
2021-TX-E02-E-SF1-3,2021,2021-TX-E02,Mock Event E02,TX,3,9428,18751,23204,2365,274,297,-23,blue,True
2021-TX-E02-E-SF2-1,2021,2021-TX-E02,Mock Event E02,TX,1,18374,16252,18899,8364,296,277,19,red,True
2021-TX-E02-E-SF2-2,2021,2021-TX-E02,Mock Event E02,TX,2,18374,16252,18899,8364,271,271,0,blue,True
2021-TX-E02-E-SF2-3,2021,2021-TX-E02,Mock Event E02,TX,3,18374,16252,18899,8364,256,292,-36,blue,True
2021-TX-E02-E-F-1,2021,2021-TX-E02,Mock Event E02,TX,1,9428,18751,18374,16252,288,247,41,red,True
2021-TX-E02-E-F-2,2021,2021-TX-E02,Mock Event E02,TX,2,9428,18751,18374,16252,261,250,11,red,True
2021-TX-E02-E-F-3,2021,2021-TX-E02,Mock Event E02,TX,3,9428,18751,18374,16252,269,284,-15,blue,True
2021-TX-E01-Q-001,2021,2021-TX-E01,Mock Event E01,TX,1,2908,20791,9874,23460,134,183,-49,blue,False
2021-TX-E01-Q-002,2021,2021-TX-E01,Mock Event E01,TX,2,7586,7252,2349,14305,161,174,-13,blue,False
2021-TX-E01-Q-003,2021,2021-TX-E01,Mock Event E01,TX,3,21018,14305,1590,8643,204,171,33,red,False
2021-TX-E01-Q-004,2021,2021-TX-E01,Mock Event E01,TX,4,23460,15489,4304,14305,178,228,-50,blue,False
2021-TX-E01-Q-005,2021,2021-TX-E01,Mock Event E01,TX,5,10800,23517,5583,9874,184,222,-38,blue,False
2021-TX-E01-Q-006,2021,2021-TX-E01,Mock Event E01,TX,6,2506,2349,15489,5583,143,228,-85,blue,False
2021-TX-E01-Q-007,2021,2021-TX-E01,Mock Event E01,TX,7,20791,7009,9582,8451,110,179,-69,blue,False
2021-TX-E01-Q-008,2021,2021-TX-E01,Mock Event E01,TX,8,8643,2506,11878,9582,175,241,-66,blue,False
2021-TX-E01-Q-009,2021,2021-TX-E01,Mock Event E01,TX,9,3755,7613,8643,7009,222,175,47,red,False
2021-TX-E01-Q-010,2021,2021-TX-E01,Mock Event E01,TX,10,1590,5583,20791,21018,152,121,31,red,False
2021-TX-E01-Q-011,2021,2021-TX-E01,Mock Event E01,TX,11,2908,2728,7613,8643,189,219,-30,blue,False
2021-TX-E01-Q-012,2021,2021-TX-E01,Mock Event E01,TX,12,9874,7252,5583,7586,185,224,-39,blue,False
2021-TX-E01-Q-013,2021,2021-TX-E01,Mock Event E01,TX,13,8451,7009,14305,11878,100,259,-159,blue,False
2021-TX-E01-Q-014,2021,2021-TX-E01,Mock Event E01,TX,14,18768,7009,8451,20791,139,146,-7,blue,False
2021-TX-E01-Q-015,2021,2021-TX-E01,Mock Event E01,TX,15,24577,18579,7586,9582,61,278,-217,blue,False
2021-TX-E01-Q-016,2021,2021-TX-E01,Mock Event E01,TX,16,7586,20791,1590,10800,202,154,48,red,False
2021-TX-E01-Q-017,2021,2021-TX-E01,Mock Event E01,TX,17,24577,23460,11878,9582,116,267,-151,blue,False
2021-TX-E01-Q-018,2021,2021-TX-E01,Mock Event E01,TX,18,2349,7586,3755,7009,190,184,6,red,False
2021-TX-E01-Q-019,2021,2021-TX-E01,Mock Event E01,TX,19,14305,11878,2728,23517,235,216,19,red,False
2021-TX-E01-Q-020,2021,2021-TX-E01,Mock Event E01,TX,20,9874,8451,20791,11878,148,169,-21,blue,False
2021-TX-E01-Q-021,2021,2021-TX-E01,Mock Event E01,TX,21,7252,9582,15489,24577,170,161,9,red,False
2021-TX-E01-Q-022,2021,2021-TX-E01,Mock Event E01,TX,22,14305,23517,10800,9874,184,223,-39,blue,False
2021-TX-E01-Q-023,2021,2021-TX-E01,Mock Event E01,TX,23,5583,9582,7009,7252,197,115,82,red,False
2021-TX-E01-Q-024,2021,2021-TX-E01,Mock Event E01,TX,24,2728,18579,23517,9874,208,202,6,red,False
2021-TX-E01-Q-025,2021,2021-TX-E01,Mock Event E01,TX,25,7613,8451,17099,1590,167,149,18,red,False
2021-TX-E01-Q-026,2021,2021-TX-E01,Mock Event E01,TX,26,5583,2349,1590,7613,198,164,34,red,False
2021-TX-E01-Q-027,2021,2021-TX-E01,Mock Event E01,TX,27,9582,5583,20791,11878,227,182,45,red,False
2021-TX-E01-Q-028,2021,2021-TX-E01,Mock Event E01,TX,28,2728,23517,2349,23460,202,160,42,red,False
2021-TX-E01-Q-029,2021,2021-TX-E01,Mock Event E01,TX,29,15831,7613,10800,8643,194,243,-49,blue,False
2021-TX-E01-Q-030,2021,2021-TX-E01,Mock Event E01,TX,30,9582,2908,7252,17099,176,189,-13,blue,False
2021-TX-E01-Q-031,2021,2021-TX-E01,Mock Event E01,TX,31,18768,1590,24577,14305,106,152,-46,blue,False
2021-TX-E01-Q-032,2021,2021-TX-E01,Mock Event E01,TX,32,7586,11878,5583,23460,267,184,83,red,False
2021-TX-E01-Q-033,2021,2021-TX-E01,Mock Event E01,TX,33,1590,18768,8451,17099,118,174,-56,blue,False
2021-TX-E01-Q-034,2021,2021-TX-E01,Mock Event E01,TX,34,23517,5583,7586,21018,153,190,-37,blue,False
2021-TX-E01-Q-035,2021,2021-TX-E01,Mock Event E01,TX,35,15489,10800,17099,2728,215,227,-12,blue,False
2021-TX-E01-Q-036,2021,2021-TX-E01,Mock Event E01,TX,36,21018,7613,7586,9582,215,227,-12,blue,False
2021-TX-E01-Q-037,2021,2021-TX-E01,Mock Event E01,TX,37,8451,14305,5583,11878,151,236,-85,blue,False
2021-TX-E01-E-SF1-1,2021,2021-TX-E01,Mock Event E01,TX,1,4304,7613,17099,9582,275,266,9,red,True
2021-TX-E01-E-SF1-2,2021,2021-TX-E01,Mock Event E01,TX,2,4304,7613,17099,9582,257,245,12,red,True
2021-TX-E01-E-SF2-1,2021,2021-TX-E01,Mock Event E01,TX,1,11878,2728,7586,10800,256,289,-33,blue,True
2021-TX-E01-E-SF2-2,2021,2021-TX-E01,Mock Event E01,TX,2,11878,2728,7586,10800,246,263,-17,blue,True
2021-TX-E01-E-F-1,2021,2021-TX-E01,Mock Event E01,TX,1,4304,7613,11878,2728,286,252,34,red,True
2021-TX-E01-E-F-2,2021,2021-TX-E01,Mock Event E01,TX,2,4304,7613,11878,2728,233,242,-9,blue,True
2021-TX-E01-E-F-3,2021,2021-TX-E01,Mock Event E01,TX,3,4304,7613,11878,2728,282,277,5,red,True
2122-TX-E01-Q-001,2122,2122-TX-E01,Mock Event E01,TX,1,20616,21145,13185,5870,173,177,-4,blue,False
2122-TX-E01-Q-002,2122,2122-TX-E01,Mock Event E01,TX,2,1705,21145,5040,6376,265,127,138,red,False
2122-TX-E01-Q-003,2122,2122-TX-E01,Mock Event E01,TX,3,13185,8088,1705,10282,180,236,-56,blue,False
2122-TX-E01-Q-004,2122,2122-TX-E01,Mock Event E01,TX,4,17306,5040,13185,20616,165,95,70,red,False
2122-TX-E01-Q-005,2122,2122-TX-E01,Mock Event E01,TX,5,8088,6376,21145,5040,191,158,33,red,False
2122-TX-E01-Q-006,2122,2122-TX-E01,Mock Event E01,TX,6,17306,1705,20616,5870,173,164,9,red,False
2122-TX-E01-Q-007,2122,2122-TX-E01,Mock Event E01,TX,7,5040,13185,5870,8088,136,202,-66,blue,False
2122-TX-E01-Q-008,2122,2122-TX-E01,Mock Event E01,TX,8,1705,4732,5040,17306,137,74,63,red,False
2122-TX-E01-Q-009,2122,2122-TX-E01,Mock Event E01,TX,9,5040,13185,6376,5870,120,242,-122,blue,False
2122-TX-E01-Q-010,2122,2122-TX-E01,Mock Event E01,TX,10,21145,4732,20616,17306,165,104,61,red,False
2122-TX-E01-Q-011,2122,2122-TX-E01,Mock Event E01,TX,11,5870,1705,8088,20616,222,175,47,red,False
2122-TX-E01-Q-012,2122,2122-TX-E01,Mock Event E01,TX,12,5870,11296,10282,4732,195,164,31,red,False
2122-TX-E01-Q-013,2122,2122-TX-E01,Mock Event E01,TX,13,1705,5040,21145,20616,109,122,-13,blue,False
2122-TX-E01-Q-014,2122,2122-TX-E01,Mock Event E01,TX,14,4732,11296,5870,17306,182,194,-12,blue,False
2122-TX-E01-Q-015,2122,2122-TX-E01,Mock Event E01,TX,15,11296,4732,8088,20616,175,135,40,red,False
2122-TX-E01-E-SF1-1,2122,2122-TX-E01,Mock Event E01,TX,1,6376,17306,21145,5870,230,240,-10,blue,True
2122-TX-E01-E-SF1-2,2122,2122-TX-E01,Mock Event E01,TX,2,6376,17306,21145,5870,205,230,-25,blue,True
2122-TX-E01-E-SF1-3,2122,2122-TX-E01,Mock Event E01,TX,3,6376,17306,21145,5870,256,218,38,red,True
2122-TX-E01-E-SF2-1,2122,2122-TX-E01,Mock Event E01,TX,1,10282,13185,11296,1705,231,245,-14,blue,True
2122-TX-E01-E-SF2-2,2122,2122-TX-E01,Mock Event E01,TX,2,10282,13185,11296,1705,217,221,-4,blue,True
2122-TX-E01-E-F-1,2122,2122-TX-E01,Mock Event E01,TX,1,6376,17306,10282,13185,227,235,-8,blue,True
2122-TX-E01-E-F-2,2122,2122-TX-E01,Mock Event E01,TX,2,6376,17306,10282,13185,235,242,-7,blue,True
2122-TX-E01-E-F-3,2122,2122-TX-E01,Mock Event E01,TX,3,6376,17306,10282,13185,187,239,-52,blue,True
2122-TX-E04-Q-001,2122,2122-TX-E04,Mock Event E04,TX,1,10697,1944,10056,15573,187,215,-28,blue,False
2122-TX-E04-Q-002,2122,2122-TX-E04,Mock Event E04,TX,2,5931,9099,10056,21750,204,118,86,red,False
2122-TX-E04-Q-003,2122,2122-TX-E04,Mock Event E04,TX,3,21590,10697,7113,1907,126,116,10,red,False
2122-TX-E04-Q-004,2122,2122-TX-E04,Mock Event E04,TX,4,6235,8849,8600,8143,214,184,30,red,False
2122-TX-E04-Q-005,2122,2122-TX-E04,Mock Event E04,TX,5,19455,4336,5931,9338,173,71,102,red,False
2122-TX-E04-Q-006,2122,2122-TX-E04,Mock Event E04,TX,6,4073,15571,9099,21750,214,196,18,red,False
2122-TX-E04-Q-007,2122,2122-TX-E04,Mock Event E04,TX,7,10697,8143,5931,1944,179,181,-2,blue,False
2122-TX-E04-Q-008,2122,2122-TX-E04,Mock Event E04,TX,8,10056,5931,1907,15573,157,178,-21,blue,False
2122-TX-E04-Q-009,2122,2122-TX-E04,Mock Event E04,TX,9,21337,4336,9099,15571,140,215,-75,blue,False
2122-TX-E04-Q-010,2122,2122-TX-E04,Mock Event E04,TX,10,4073,10056,24681,8078,258,164,94,red,False
2122-TX-E04-Q-011,2122,2122-TX-E04,Mock Event E04,TX,11,21590,8849,5931,9338,117,168,-51,blue,False
2122-TX-E04-Q-012,2122,2122-TX-E04,Mock Event E04,TX,12,8849,9338,7113,15573,96,198,-102,blue,False
2122-TX-E04-Q-013,2122,2122-TX-E04,Mock Event E04,TX,13,21750,24681,9099,6235,185,243,-58,blue,False
2122-TX-E04-Q-014,2122,2122-TX-E04,Mock Event E04,TX,14,10056,10697,8600,15571,137,214,-77,blue,False
2122-TX-E04-Q-015,2122,2122-TX-E04,Mock Event E04,TX,15,8849,5931,21337,7113,195,128,67,red,False
2122-TX-E04-Q-016,2122,2122-TX-E04,Mock Event E04,TX,16,4336,4073,15571,9338,246,144,102,red,False
2122-TX-E04-Q-017,2122,2122-TX-E04,Mock Event E04,TX,17,15573,8143,15571,9338,174,145,29,red,False
2122-TX-E04-Q-018,2122,2122-TX-E04,Mock Event E04,TX,18,6235,9099,4336,19455,267,150,117,red,False
2122-TX-E04-Q-019,2122,2122-TX-E04,Mock Event E04,TX,19,10056,15573,8078,1907,191,162,29,red,False
2122-TX-E04-Q-020,2122,2122-TX-E04,Mock Event E04,TX,20,8143,4336,15571,5931,159,183,-24,blue,False
2122-TX-E04-Q-021,2122,2122-TX-E04,Mock Event E04,TX,21,21590,15573,4073,4336,176,225,-49,blue,False
2122-TX-E04-Q-022,2122,2122-TX-E04,Mock Event E04,TX,22,8849,21590,21750,8143,177,151,26,red,False
2122-TX-E04-Q-023,2122,2122-TX-E04,Mock Event E04,TX,23,8849,19455,15571,1907,186,198,-12,blue,False
2122-TX-E04-Q-024,2122,2122-TX-E04,Mock Event E04,TX,24,1944,7113,4336,4073,163,241,-78,blue,False
2122-TX-E04-Q-025,2122,2122-TX-E04,Mock Event E04,TX,25,21750,24681,9099,10056,197,219,-22,blue,False
2122-TX-E04-Q-026,2122,2122-TX-E04,Mock Event E04,TX,26,4073,8143,24681,5931,235,199,36,red,False
2122-TX-E04-Q-027,2122,2122-TX-E04,Mock Event E04,TX,27,8143,15573,24681,1944,165,245,-80,blue,False
2122-TX-E04-E-SF1-1,2122,2122-TX-E04,Mock Event E04,TX,1,4073,1907,6235,8600,232,238,-6,blue,True
2122-TX-E04-E-SF1-2,2122,2122-TX-E04,Mock Event E04,TX,2,4073,1907,6235,8600,205,231,-26,blue,True
2122-TX-E04-E-SF2-1,2122,2122-TX-E04,Mock Event E04,TX,1,9099,15573,24681,1944,237,240,-3,blue,True
2122-TX-E04-E-SF2-2,2122,2122-TX-E04,Mock Event E04,TX,2,9099,15573,24681,1944,244,243,1,red,True
2122-TX-E04-E-SF2-3,2122,2122-TX-E04,Mock Event E04,TX,3,9099,15573,24681,1944,232,233,-1,blue,True
2122-TX-E04-E-F-1,2122,2122-TX-E04,Mock Event E04,TX,1,4073,1907,9099,15573,248,248,0,blue,True
2122-TX-E04-E-F-2,2122,2122-TX-E04,Mock Event E04,TX,2,4073,1907,9099,15573,243,259,-16,blue,True
2122-TX-E03-Q-001,2122,2122-TX-E03,Mock Event E03,TX,1,1302,23753,21096,15737,188,183,5,red,False
2122-TX-E03-Q-002,2122,2122-TX-E03,Mock Event E03,TX,2,17586,22399,24581,17939,167,254,-87,blue,False
2122-TX-E03-Q-003,2122,2122-TX-E03,Mock Event E03,TX,3,21096,10469,24581,1113,237,142,95,red,False
2122-TX-E03-Q-004,2122,2122-TX-E03,Mock Event E03,TX,4,17586,23753,10567,6609,133,126,7,red,False
2122-TX-E03-Q-005,2122,2122-TX-E03,Mock Event E03,TX,5,23753,9691,20130,24581,166,195,-29,blue,False
2122-TX-E03-Q-006,2122,2122-TX-E03,Mock Event E03,TX,6,20130,22399,17586,9691,235,145,90,red,False
2122-TX-E03-Q-007,2122,2122-TX-E03,Mock Event E03,TX,7,6609,21096,24581,1823,178,198,-20,blue,False
2122-TX-E03-Q-008,2122,2122-TX-E03,Mock Event E03,TX,8,24581,15737,23753,1302,185,123,62,red,False
2122-TX-E03-Q-009,2122,2122-TX-E03,Mock Event E03,TX,9,9691,24581,21096,24144,190,161,29,red,False
2122-TX-E03-Q-010,2122,2122-TX-E03,Mock Event E03,TX,10,15737,24581,1823,6609,191,158,33,red,False
2122-TX-E03-Q-011,2122,2122-TX-E03,Mock Event E03,TX,11,3757,1302,10469,1823,156,198,-42,blue,False
2122-TX-E03-Q-012,2122,2122-TX-E03,Mock Event E03,TX,12,9691,6609,21096,20130,129,215,-86,blue,False
2122-TX-E03-Q-013,2122,2122-TX-E03,Mock Event E03,TX,13,24581,9691,22399,21096,196,233,-37,blue,False
2122-TX-E03-Q-014,2122,2122-TX-E03,Mock Event E03,TX,14,1302,3757,21096,17939,159,242,-83,blue,False
2122-TX-E03-Q-015,2122,2122-TX-E03,Mock Event E03,TX,15,3789,1302,3757,1113,114,147,-33,blue,False
2122-TX-E03-Q-016,2122,2122-TX-E03,Mock Event E03,TX,16,21096,23753,22399,24144,216,194,22,red,False
2122-TX-E03-Q-017,2122,2122-TX-E03,Mock Event E03,TX,17,22399,6609,21096,23753,153,182,-29,blue,False
2122-TX-E03-Q-018,2122,2122-TX-E03,Mock Event E03,TX,18,1113,3757,24144,1823,150,144,6,red,False
2122-TX-E03-Q-019,2122,2122-TX-E03,Mock Event E03,TX,19,24144,21096,1302,6609,146,107,39,red,False
2122-TX-E03-Q-020,2122,2122-TX-E03,Mock Event E03,TX,20,23753,3757,15737,21096,171,200,-29,blue,False
2122-TX-E03-Q-021,2122,2122-TX-E03,Mock Event E03,TX,21,9691,23753,17939,1302,199,165,34,red,False
2122-TX-E03-Q-022,2122,2122-TX-E03,Mock Event E03,TX,22,10469,23753,6609,3789,226,83,143,red,False
2122-TX-E03-E-SF1-1,2122,2122-TX-E03,Mock Event E03,TX,1,22399,10567,10469,24581,224,228,-4,blue,True
2122-TX-E03-E-SF1-2,2122,2122-TX-E03,Mock Event E03,TX,2,22399,10567,10469,24581,236,215,21,red,True
2122-TX-E03-E-SF2-1,2122,2122-TX-E03,Mock Event E03,TX,1,17939,21096,3757,20130,232,261,-29,blue,True
2122-TX-E03-E-SF2-2,2122,2122-TX-E03,Mock Event E03,TX,2,17939,21096,3757,20130,268,219,49,red,True
2122-TX-E03-E-F-1,2122,2122-TX-E03,Mock Event E03,TX,1,22399,10567,17939,21096,247,236,11,red,True
2122-TX-E03-E-F-2,2122,2122-TX-E03,Mock Event E03,TX,2,22399,10567,17939,21096,245,254,-9,blue,True
2122-TX-E02-Q-001,2122,2122-TX-E02,Mock Event E02,TX,1,11682,9755,21469,17659,251,174,77,red,False
2122-TX-E02-Q-002,2122,2122-TX-E02,Mock Event E02,TX,2,6906,9755,3623,4304,215,259,-44,blue,False
2122-TX-E02-Q-003,2122,2122-TX-E02,Mock Event E02,TX,3,21469,4304,3572,23645,201,191,10,red,False
2122-TX-E02-Q-004,2122,2122-TX-E02,Mock Event E02,TX,4,3623,19104,6282,9756,151,163,-12,blue,False
2122-TX-E02-Q-005,2122,2122-TX-E02,Mock Event E02,TX,5,15393,9755,4304,19104,147,208,-61,blue,False
2122-TX-E02-Q-006,2122,2122-TX-E02,Mock Event E02,TX,6,22097,19771,12579,21469,232,107,125,red,False
2122-TX-E02-Q-007,2122,2122-TX-E02,Mock Event E02,TX,7,17659,6282,24242,4331,172,184,-12,blue,False
2122-TX-E02-Q-008,2122,2122-TX-E02,Mock Event E02,TX,8,17659,5416,4304,11682,234,281,-47,blue,False
2122-TX-E02-Q-009,2122,2122-TX-E02,Mock Event E02,TX,9,6906,11227,9756,23645,208,267,-59,blue,False
2122-TX-E02-Q-010,2122,2122-TX-E02,Mock Event E02,TX,10,15902,4331,22347,17659,297,225,72,red,False
2122-TX-E02-Q-011,2122,2122-TX-E02,Mock Event E02,TX,11,19102,4304,9755,11227,255,286,-31,blue,False
2122-TX-E02-Q-012,2122,2122-TX-E02,Mock Event E02,TX,12,19771,5416,11227,9756,216,255,-39,blue,False
2122-TX-E02-Q-013,2122,2122-TX-E02,Mock Event E02,TX,13,22347,6282,3572,21469,155,93,62,red,False
2122-TX-E02-Q-014,2122,2122-TX-E02,Mock Event E02,TX,14,21469,19104,15393,19771,100,115,-15,blue,False
2122-TX-E02-Q-015,2122,2122-TX-E02,Mock Event E02,TX,15,6906,19102,7590,9755,220,174,46,red,False
2122-TX-E02-Q-016,2122,2122-TX-E02,Mock Event E02,TX,16,3623,4304,9756,19104,245,149,96,red,False
2122-TX-E02-Q-017,2122,2122-TX-E02,Mock Event E02,TX,17,11227,7590,4304,5416,207,317,-110,blue,False
2122-TX-E02-Q-018,2122,2122-TX-E02,Mock Event E02,TX,18,24242,4331,5416,12579,201,167,34,red,False
2122-TX-E02-Q-019,2122,2122-TX-E02,Mock Event E02,TX,19,4331,19104,6906,4304,173,250,-77,blue,False
2122-TX-E02-Q-020,2122,2122-TX-E02,Mock Event E02,TX,20,22097,21469,19104,15902,148,146,2,red,False
2122-TX-E02-Q-021,2122,2122-TX-E02,Mock Event E02,TX,21,17659,3623,19771,22097,240,184,56,red,False
2122-TX-E02-Q-022,2122,2122-TX-E02,Mock Event E02,TX,22,19104,6282,3572,9756,87,198,-111,blue,False
2122-TX-E02-Q-023,2122,2122-TX-E02,Mock Event E02,TX,23,15902,7590,4331,9756,146,274,-128,blue,False
2122-TX-E02-Q-024,2122,2122-TX-E02,Mock Event E02,TX,24,4304,3623,22347,15902,252,206,46,red,False
2122-TX-E02-Q-025,2122,2122-TX-E02,Mock Event E02,TX,25,17659,15393,19104,6906,174,110,64,red,False
2122-TX-E02-Q-026,2122,2122-TX-E02,Mock Event E02,TX,26,6282,19102,23645,9755,204,231,-27,blue,False
2122-TX-E02-Q-027,2122,2122-TX-E02,Mock Event E02,TX,27,19102,19104,22097,23645,195,268,-73,blue,False
2122-TX-E02-Q-028,2122,2122-TX-E02,Mock Event E02,TX,28,4304,3623,9755,4331,240,232,8,red,False
2122-TX-E02-Q-029,2122,2122-TX-E02,Mock Event E02,TX,29,19771,5416,7590,17659,191,228,-37,blue,False
2122-TX-E02-Q-030,2122,2122-TX-E02,Mock Event E02,TX,30,24242,6282,4331,3572,120,211,-91,blue,False
2122-TX-E02-E-SF1-1,2122,2122-TX-E02,Mock Event E02,TX,1,4304,11682,19102,4331,277,294,-17,blue,True
2122-TX-E02-E-SF1-2,2122,2122-TX-E02,Mock Event E02,TX,2,4304,11682,19102,4331,303,275,28,red,True
2122-TX-E02-E-SF1-3,2122,2122-TX-E02,Mock Event E02,TX,3,4304,11682,19102,4331,303,249,54,red,True
2122-TX-E02-E-SF2-1,2122,2122-TX-E02,Mock Event E02,TX,1,23645,22097,11227,15902,259,251,8,red,True
2122-TX-E02-E-SF2-2,2122,2122-TX-E02,Mock Event E02,TX,2,23645,22097,11227,15902,279,276,3,red,True
2122-TX-E02-E-F-1,2122,2122-TX-E02,Mock Event E02,TX,1,4304,11682,23645,22097,281,255,26,red,True
2122-TX-E02-E-F-2,2122,2122-TX-E02,Mock Event E02,TX,2,4304,11682,23645,22097,270,293,-23,blue,True
2122-TX-E02-E-F-3,2122,2122-TX-E02,Mock Event E02,TX,3,4304,11682,23645,22097,272,289,-17,blue,True
2223-TX-E04-Q-001,2223,2223-TX-E04,Mock Event E04,TX,1,19305,15117,21332,15409,194,157,37,red,False
2223-TX-E04-Q-002,2223,2223-TX-E04,Mock Event E04,TX,2,11675,9141,22032,15591,269,128,141,red,False
2223-TX-E04-Q-003,2223,2223-TX-E04,Mock Event E04,TX,3,13880,10709,15591,1410,288,147,141,red,False
2223-TX-E04-Q-004,2223,2223-TX-E04,Mock Event E04,TX,4,15591,18328,20780,22032,152,182,-30,blue,False
2223-TX-E04-Q-005,2223,2223-TX-E04,Mock Event E04,TX,5,15970,3326,11675,21332,182,219,-37,blue,False
2223-TX-E04-Q-006,2223,2223-TX-E04,Mock Event E04,TX,6,2882,4741,19305,18751,194,235,-41,blue,False
2223-TX-E04-Q-007,2223,2223-TX-E04,Mock Event E04,TX,7,9141,20780,21481,4595,226,210,16,red,False
2223-TX-E04-Q-008,2223,2223-TX-E04,Mock Event E04,TX,8,15409,3326,22032,21826,105,127,-22,blue,False
2223-TX-E04-Q-009,2223,2223-TX-E04,Mock Event E04,TX,9,4741,21129,23484,21332,137,216,-79,blue,False
2223-TX-E04-Q-010,2223,2223-TX-E04,Mock Event E04,TX,10,10709,20780,7495,2882,225,255,-30,blue,False
2223-TX-E04-Q-011,2223,2223-TX-E04,Mock Event E04,TX,11,15970,21481,11675,1410,144,262,-118,blue,False
2223-TX-E04-Q-012,2223,2223-TX-E04,Mock Event E04,TX,12,21129,23484,5983,15970,202,221,-19,blue,False
2223-TX-E04-Q-013,2223,2223-TX-E04,Mock Event E04,TX,13,18157,13880,3326,15117,285,157,128,red,False
2223-TX-E04-Q-014,2223,2223-TX-E04,Mock Event E04,TX,14,3326,3175,15591,21826,191,75,116,red,False
2223-TX-E04-Q-015,2223,2223-TX-E04,Mock Event E04,TX,15,3326,4741,13880,19111,160,193,-33,blue,False
2223-TX-E04-Q-016,2223,2223-TX-E04,Mock Event E04,TX,16,10709,15970,11675,13597,197,209,-12,blue,False
2223-TX-E04-Q-017,2223,2223-TX-E04,Mock Event E04,TX,17,15117,15591,2882,5983,127,237,-110,blue,False
2223-TX-E04-Q-018,2223,2223-TX-E04,Mock Event E04,TX,18,20780,5983,2882,18328,244,224,20,red,False
2223-TX-E04-Q-019,2223,2223-TX-E04,Mock Event E04,TX,19,18157,5127,2882,21129,207,171,36,red,False
2223-TX-E04-Q-020,2223,2223-TX-E04,Mock Event E04,TX,20,15970,21481,2882,15409,183,220,-37,blue,False
2223-TX-E04-Q-021,2223,2223-TX-E04,Mock Event E04,TX,21,21481,1410,18157,4595,192,225,-33,blue,False
2223-TX-E04-Q-022,2223,2223-TX-E04,Mock Event E04,TX,22,23484,10709,9141,3326,233,201,32,red,False
2223-TX-E04-Q-023,2223,2223-TX-E04,Mock Event E04,TX,23,5127,21826,15409,11675,86,232,-146,blue,False
2223-TX-E04-Q-024,2223,2223-TX-E04,Mock Event E04,TX,24,19305,22032,18157,15970,195,223,-28,blue,False
2223-TX-E04-Q-025,2223,2223-TX-E04,Mock Event E04,TX,25,10709,15970,21129,23484,268,252,16,red,False
2223-TX-E04-Q-026,2223,2223-TX-E04,Mock Event E04,TX,26,4741,19305,3326,15591,200,107,93,red,False
2223-TX-E04-Q-027,2223,2223-TX-E04,Mock Event E04,TX,27,3175,19111,18751,21826,174,147,27,red,False
2223-TX-E04-Q-028,2223,2223-TX-E04,Mock Event E04,TX,28,15117,18157,21332,3326,272,170,102,red,False
2223-TX-E04-Q-029,2223,2223-TX-E04,Mock Event E04,TX,29,18751,4741,13597,11675,165,200,-35,blue,False
2223-TX-E04-Q-030,2223,2223-TX-E04,Mock Event E04,TX,30,9141,21332,1410,3326,277,162,115,red,False
2223-TX-E04-Q-031,2223,2223-TX-E04,Mock Event E04,TX,31,1410,13880,4741,19111,245,133,112,red,False
2223-TX-E04-Q-032,2223,2223-TX-E04,Mock Event E04,TX,32,11675,13880,19111,2882,303,199,104,red,False
2223-TX-E04-Q-033,2223,2223-TX-E04,Mock Event E04,TX,33,13597,22032,5127,4595,184,176,8,red,False
2223-TX-E04-Q-034,2223,2223-TX-E04,Mock Event E04,TX,34,2882,22032,9141,21332,200,243,-43,blue,False
2223-TX-E04-Q-035,2223,2223-TX-E04,Mock Event E04,TX,35,21481,19305,15117,5127,247,150,97,red,False
2223-TX-E04-Q-036,2223,2223-TX-E04,Mock Event E04,TX,36,22032,5983,19111,15591,193,95,98,red,False
2223-TX-E04-Q-037,2223,2223-TX-E04,Mock Event E04,TX,37,15970,18157,15117,19111,242,158,84,red,False
2223-TX-E04-Q-038,2223,2223-TX-E04,Mock Event E04,TX,38,15970,5983,20780,18157,232,206,26,red,False
2223-TX-E04-E-SF1-1,2223,2223-TX-E04,Mock Event E04,TX,1,10709,19305,13880,18157,279,288,-9,blue,True
2223-TX-E04-E-SF1-2,2223,2223-TX-E04,Mock Event E04,TX,2,10709,19305,13880,18157,274,281,-7,blue,True
2223-TX-E04-E-SF2-1,2223,2223-TX-E04,Mock Event E04,TX,1,11591,9141,11675,2882,278,287,-9,blue,True
2223-TX-E04-E-SF2-2,2223,2223-TX-E04,Mock Event E04,TX,2,11591,9141,11675,2882,284,293,-9,blue,True
2223-TX-E04-E-SF2-3,2223,2223-TX-E04,Mock Event E04,TX,3,11591,9141,11675,2882,288,266,22,red,True
2223-TX-E04-E-F-1,2223,2223-TX-E04,Mock Event E04,TX,1,10709,19305,11591,9141,278,265,13,red,True
2223-TX-E04-E-F-2,2223,2223-TX-E04,Mock Event E04,TX,2,10709,19305,11591,9141,268,260,8,red,True
2223-TX-E04-E-F-3,2223,2223-TX-E04,Mock Event E04,TX,3,10709,19305,11591,9141,260,263,-3,blue,True
2223-TX-E03-Q-001,2223,2223-TX-E03,Mock Event E03,TX,1,5463,13666,1982,17254,152,179,-27,blue,False
2223-TX-E03-Q-002,2223,2223-TX-E03,Mock Event E03,TX,2,2764,12579,13276,12821,153,207,-54,blue,False
2223-TX-E03-Q-003,2223,2223-TX-E03,Mock Event E03,TX,3,6988,6602,22212,17994,146,104,42,red,False
2223-TX-E03-Q-004,2223,2223-TX-E03,Mock Event E03,TX,4,2481,2855,2764,5463,248,254,-6,blue,False
2223-TX-E03-Q-005,2223,2223-TX-E03,Mock Event E03,TX,5,13276,20589,7922,5082,136,167,-31,blue,False
2223-TX-E03-Q-006,2223,2223-TX-E03,Mock Event E03,TX,6,24560,18478,1982,20589,192,129,63,red,False
2223-TX-E03-Q-007,2223,2223-TX-E03,Mock Event E03,TX,7,17994,18224,2481,1982,171,129,42,red,False
2223-TX-E03-Q-008,2223,2223-TX-E03,Mock Event E03,TX,8,18478,17254,16428,20589,213,145,68,red,False
2223-TX-E03-Q-009,2223,2223-TX-E03,Mock Event E03,TX,9,24173,2855,13666,16428,250,230,20,red,False
2223-TX-E03-Q-010,2223,2223-TX-E03,Mock Event E03,TX,10,5082,13873,24560,13276,139,195,-56,blue,False
2223-TX-E03-Q-011,2223,2223-TX-E03,Mock Event E03,TX,11,12579,16061,6602,20589,112,129,-17,blue,False
2223-TX-E03-Q-012,2223,2223-TX-E03,Mock Event E03,TX,12,13873,16061,7922,20589,229,168,61,red,False
2223-TX-E03-Q-013,2223,2223-TX-E03,Mock Event E03,TX,13,20412,24560,17254,22212,127,176,-49,blue,False
2223-TX-E03-Q-014,2223,2223-TX-E03,Mock Event E03,TX,14,17554,5463,18478,7922,221,216,5,red,False
2223-TX-E03-Q-015,2223,2223-TX-E03,Mock Event E03,TX,15,12821,12579,16428,5082,126,188,-62,blue,False
2223-TX-E03-Q-016,2223,2223-TX-E03,Mock Event E03,TX,16,23173,18194,24173,7922,173,186,-13,blue,False
2223-TX-E03-Q-017,2223,2223-TX-E03,Mock Event E03,TX,17,20412,12821,1982,24173,147,159,-12,blue,False
2223-TX-E03-Q-018,2223,2223-TX-E03,Mock Event E03,TX,18,18224,16428,16119,13276,241,233,8,red,False
2223-TX-E03-Q-019,2223,2223-TX-E03,Mock Event E03,TX,19,20412,17254,23173,18478,147,194,-47,blue,False
2223-TX-E03-Q-020,2223,2223-TX-E03,Mock Event E03,TX,20,14257,19870,13873,6988,225,232,-7,blue,False
2223-TX-E03-Q-021,2223,2223-TX-E03,Mock Event E03,TX,21,19870,14257,17254,19847,199,209,-10,blue,False
2223-TX-E03-Q-022,2223,2223-TX-E03,Mock Event E03,TX,22,5463,19847,17994,6988,133,145,-12,blue,False
2223-TX-E03-Q-023,2223,2223-TX-E03,Mock Event E03,TX,23,19870,20589,1982,2481,150,193,-43,blue,False
2223-TX-E03-Q-024,2223,2223-TX-E03,Mock Event E03,TX,24,5463,18194,22212,24560,159,161,-2,blue,False
2223-TX-E03-Q-025,2223,2223-TX-E03,Mock Event E03,TX,25,11470,20412,19847,24173,115,159,-44,blue,False
2223-TX-E03-Q-026,2223,2223-TX-E03,Mock Event E03,TX,26,11408,24173,13873,6602,223,237,-14,blue,False
2223-TX-E03-Q-027,2223,2223-TX-E03,Mock Event E03,TX,27,19870,12821,2764,5463,223,262,-39,blue,False
2223-TX-E03-Q-028,2223,2223-TX-E03,Mock Event E03,TX,28,17994,6988,24853,2764,152,224,-72,blue,False
2223-TX-E03-Q-029,2223,2223-TX-E03,Mock Event E03,TX,29,12579,16119,2855,17254,133,277,-144,blue,False
2223-TX-E03-Q-030,2223,2223-TX-E03,Mock Event E03,TX,30,13276,20412,13666,19847,168,189,-21,blue,False
2223-TX-E03-Q-031,2223,2223-TX-E03,Mock Event E03,TX,31,5463,18194,13276,17994,151,197,-46,blue,False
2223-TX-E03-Q-032,2223,2223-TX-E03,Mock Event E03,TX,32,23173,16061,1982,7922,204,233,-29,blue,False
2223-TX-E03-Q-033,2223,2223-TX-E03,Mock Event E03,TX,33,19870,18478,16061,11408,254,182,72,red,False
2223-TX-E03-Q-034,2223,2223-TX-E03,Mock Event E03,TX,34,5082,12579,20589,7922,86,192,-106,blue,False
2223-TX-E03-Q-035,2223,2223-TX-E03,Mock Event E03,TX,35,2764,16119,18224,2855,211,257,-46,blue,False
2223-TX-E03-Q-036,2223,2223-TX-E03,Mock Event E03,TX,36,12821,17994,19847,18194,203,190,13,red,False
2223-TX-E03-Q-037,2223,2223-TX-E03,Mock Event E03,TX,37,2855,6602,11470,18478,189,220,-31,blue,False
2223-TX-E03-Q-038,2223,2223-TX-E03,Mock Event E03,TX,38,6988,20412,19870,16119,72,266,-194,blue,False
2223-TX-E03-Q-039,2223,2223-TX-E03,Mock Event E03,TX,39,16428,19847,2481,20589,212,157,55,red,False
2223-TX-E03-Q-040,2223,2223-TX-E03,Mock Event E03,TX,40,18478,22212,13276,16428,139,223,-84,blue,False
2223-TX-E03-Q-041,2223,2223-TX-E03,Mock Event E03,TX,41,5082,12821,16428,24173,126,213,-87,blue,False
2223-TX-E03-Q-042,2223,2223-TX-E03,Mock Event E03,TX,42,16061,19870,16119,24853,182,188,-6,blue,False
2223-TX-E03-Q-043,2223,2223-TX-E03,Mock Event E03,TX,43,11408,19847,2764,12579,234,237,-3,blue,False
2223-TX-E03-E-SF1-1,2223,2223-TX-E03,Mock Event E03,TX,1,2855,14257,17254,7922,274,288,-14,blue,True
2223-TX-E03-E-SF1-2,2223,2223-TX-E03,Mock Event E03,TX,2,2855,14257,17254,7922,271,278,-7,blue,True
2223-TX-E03-E-SF2-1,2223,2223-TX-E03,Mock Event E03,TX,1,2764,16428,13873,11408,265,265,0,blue,True
2223-TX-E03-E-SF2-2,2223,2223-TX-E03,Mock Event E03,TX,2,2764,16428,13873,11408,261,276,-15,blue,True
2223-TX-E03-E-SF2-3,2223,2223-TX-E03,Mock Event E03,TX,3,2764,16428,13873,11408,268,242,26,red,True
2223-TX-E03-E-F-1,2223,2223-TX-E03,Mock Event E03,TX,1,2855,14257,2764,16428,271,257,14,red,True
2223-TX-E03-E-F-2,2223,2223-TX-E03,Mock Event E03,TX,2,2855,14257,2764,16428,273,284,-11,blue,True
2223-TX-E03-E-F-3,2223,2223-TX-E03,Mock Event E03,TX,3,2855,14257,2764,16428,264,260,4,red,True
2223-TX-E02-Q-001,2223,2223-TX-E02,Mock Event E02,TX,1,3136,19436,10296,22439,150,234,-84,blue,False
2223-TX-E02-Q-002,2223,2223-TX-E02,Mock Event E02,TX,2,19595,20560,11460,19436,167,192,-25,blue,False
2223-TX-E02-Q-003,2223,2223-TX-E02,Mock Event E02,TX,3,3136,11460,22439,5865,81,275,-194,blue,False
2223-TX-E02-Q-004,2223,2223-TX-E02,Mock Event E02,TX,4,22439,19595,11460,9214,195,109,86,red,False
2223-TX-E02-Q-005,2223,2223-TX-E02,Mock Event E02,TX,5,22439,20823,9214,10296,217,201,16,red,False
2223-TX-E02-Q-006,2223,2223-TX-E02,Mock Event E02,TX,6,10296,20560,19595,8624,146,165,-19,blue,False
2223-TX-E02-Q-007,2223,2223-TX-E02,Mock Event E02,TX,7,14549,9214,2151,3136,169,89,80,red,False
2223-TX-E02-Q-008,2223,2223-TX-E02,Mock Event E02,TX,8,20823,10296,22439,14549,253,218,35,red,False
2223-TX-E02-Q-009,2223,2223-TX-E02,Mock Event E02,TX,9,5865,8624,14549,2151,168,165,3,red,False
2223-TX-E02-Q-010,2223,2223-TX-E02,Mock Event E02,TX,10,11460,10296,20823,2151,162,166,-4,blue,False
2223-TX-E02-Q-011,2223,2223-TX-E02,Mock Event E02,TX,11,10296,9214,19595,2151,226,130,96,red,False
2223-TX-E02-Q-012,2223,2223-TX-E02,Mock Event E02,TX,12,11460,2151,8624,19436,117,184,-67,blue,False
2223-TX-E02-Q-013,2223,2223-TX-E02,Mock Event E02,TX,13,19595,10296,14549,3136,185,178,7,red,False
2223-TX-E02-Q-014,2223,2223-TX-E02,Mock Event E02,TX,14,14549,10296,3136,20560,213,96,117,red,False
2223-TX-E02-Q-015,2223,2223-TX-E02,Mock Event E02,TX,15,20560,14549,20823,5865,183,269,-86,blue,False
2223-TX-E02-Q-016,2223,2223-TX-E02,Mock Event E02,TX,16,3136,11460,8624,5865,105,158,-53,blue,False
2223-TX-E02-E-SF1-1,2223,2223-TX-E02,Mock Event E02,TX,1,5865,9214,22439,20823,188,244,-56,blue,True
2223-TX-E02-E-SF1-2,2223,2223-TX-E02,Mock Event E02,TX,2,5865,9214,22439,20823,189,230,-41,blue,True
2223-TX-E02-E-SF2-1,2223,2223-TX-E02,Mock Event E02,TX,1,10296,19595,19436,14549,230,219,11,red,True
2223-TX-E02-E-SF2-2,2223,2223-TX-E02,Mock Event E02,TX,2,10296,19595,19436,14549,230,233,-3,blue,True
2223-TX-E02-E-SF2-3,2223,2223-TX-E02,Mock Event E02,TX,3,10296,19595,19436,14549,209,223,-14,blue,True
2223-TX-E02-E-F-1,2223,2223-TX-E02,Mock Event E02,TX,1,5865,9214,10296,19595,207,221,-14,blue,True
2223-TX-E02-E-F-2,2223,2223-TX-E02,Mock Event E02,TX,2,5865,9214,10296,19595,194,233,-39,blue,True
2223-TX-E01-Q-001,2223,2223-TX-E01,Mock Event E01,TX,1,9249,11264,10264,17424,110,114,-4,blue,False
2223-TX-E01-Q-002,2223,2223-TX-E01,Mock Event E01,TX,2,10264,21153,11311,1320,175,263,-88,blue,False
2223-TX-E01-Q-003,2223,2223-TX-E01,Mock Event E01,TX,3,10264,12099,19956,3076,134,204,-70,blue,False
2223-TX-E01-Q-004,2223,2223-TX-E01,Mock Event E01,TX,4,17424,5170,1320,19956,143,263,-120,blue,False
2223-TX-E01-Q-005,2223,2223-TX-E01,Mock Event E01,TX,5,4727,11311,17424,13625,226,131,95,red,False
2223-TX-E01-Q-006,2223,2223-TX-E01,Mock Event E01,TX,6,7312,5541,18593,1220,174,148,26,red,False
2223-TX-E01-Q-007,2223,2223-TX-E01,Mock Event E01,TX,7,18593,5170,1220,8055,179,233,-54,blue,False
2223-TX-E01-Q-008,2223,2223-TX-E01,Mock Event E01,TX,8,3076,11264,18831,19956,175,128,47,red,False
2223-TX-E01-Q-009,2223,2223-TX-E01,Mock Event E01,TX,9,11264,3200,5170,10264,148,128,20,red,False
2223-TX-E01-Q-010,2223,2223-TX-E01,Mock Event E01,TX,10,11264,5541,18637,21153,178,180,-2,blue,False
2223-TX-E01-Q-011,2223,2223-TX-E01,Mock Event E01,TX,11,15305,5541,13625,17424,180,144,36,red,False
2223-TX-E01-Q-012,2223,2223-TX-E01,Mock Event E01,TX,12,5541,18637,19956,4727,182,203,-21,blue,False
2223-TX-E01-Q-013,2223,2223-TX-E01,Mock Event E01,TX,13,19899,11311,21891,1220,243,147,96,red,False
2223-TX-E01-Q-014,2223,2223-TX-E01,Mock Event E01,TX,14,16684,8762,11264,10311,210,69,141,red,False
2223-TX-E01-Q-015,2223,2223-TX-E01,Mock Event E01,TX,15,11264,9249,10264,13625,83,199,-116,blue,False
2223-TX-E01-Q-016,2223,2223-TX-E01,Mock Event E01,TX,16,18637,17424,21926,1320,143,197,-54,blue,False
2223-TX-E01-Q-017,2223,2223-TX-E01,Mock Event E01,TX,17,12177,5170,10311,21153,206,195,11,red,False
2223-TX-E01-Q-018,2223,2223-TX-E01,Mock Event E01,TX,18,10264,3200,19956,18831,117,192,-75,blue,False
2223-TX-E01-Q-019,2223,2223-TX-E01,Mock Event E01,TX,19,11264,5170,19899,21153,170,249,-79,blue,False
2223-TX-E01-Q-020,2223,2223-TX-E01,Mock Event E01,TX,20,15305,3076,14186,10264,192,207,-15,blue,False
2223-TX-E01-Q-021,2223,2223-TX-E01,Mock Event E01,TX,21,17424,5170,21153,3200,172,281,-109,blue,False
2223-TX-E01-Q-022,2223,2223-TX-E01,Mock Event E01,TX,22,5170,18593,8762,10311,145,140,5,red,False
2223-TX-E01-Q-023,2223,2223-TX-E01,Mock Event E01,TX,23,21926,23195,18593,13625,169,183,-14,blue,False
2223-TX-E01-Q-024,2223,2223-TX-E01,Mock Event E01,TX,24,12099,3076,15305,23195,152,188,-36,blue,False
2223-TX-E01-Q-025,2223,2223-TX-E01,Mock Event E01,TX,25,5170,8762,18831,4727,227,121,106,red,False
2223-TX-E01-Q-026,2223,2223-TX-E01,Mock Event E01,TX,26,10311,12177,4727,23195,116,182,-66,blue,False
2223-TX-E01-Q-027,2223,2223-TX-E01,Mock Event E01,TX,27,21153,12099,17424,11264,191,109,82,red,False
2223-TX-E01-Q-028,2223,2223-TX-E01,Mock Event E01,TX,28,19956,23195,18831,21926,238,143,95,red,False
2223-TX-E01-Q-029,2223,2223-TX-E01,Mock Event E01,TX,29,21926,21891,1320,5170,166,237,-71,blue,False
2223-TX-E01-Q-030,2223,2223-TX-E01,Mock Event E01,TX,30,19956,19699,18831,18637,200,116,84,red,False
2223-TX-E01-Q-031,2223,2223-TX-E01,Mock Event E01,TX,31,18831,19899,15305,17424,170,127,43,red,False
2223-TX-E01-Q-032,2223,2223-TX-E01,Mock Event E01,TX,32,21926,5541,19699,16684,200,189,11,red,False
2223-TX-E01-Q-033,2223,2223-TX-E01,Mock Event E01,TX,33,21891,16684,4727,13625,156,221,-65,blue,False
2223-TX-E01-Q-034,2223,2223-TX-E01,Mock Event E01,TX,34,1320,15305,10264,18593,164,127,37,red,False
2223-TX-E01-Q-035,2223,2223-TX-E01,Mock Event E01,TX,35,3076,14186,18831,9249,195,88,107,red,False
2223-TX-E01-Q-036,2223,2223-TX-E01,Mock Event E01,TX,36,15305,19899,8762,21153,205,224,-19,blue,False
2223-TX-E01-Q-037,2223,2223-TX-E01,Mock Event E01,TX,37,14186,7312,10264,10311,204,97,107,red,False
2223-TX-E01-Q-038,2223,2223-TX-E01,Mock Event E01,TX,38,1320,1220,12177,10311,207,133,74,red,False
2223-TX-E01-Q-039,2223,2223-TX-E01,Mock Event E01,TX,39,9249,19699,21153,1220,110,177,-67,blue,False
2223-TX-E01-Q-040,2223,2223-TX-E01,Mock Event E01,TX,40,3076,10311,8762,18593,117,215,-98,blue,False
2223-TX-E01-E-SF1-1,2223,2223-TX-E01,Mock Event E01,TX,1,11311,19899,21153,14186,268,260,8,red,True
2223-TX-E01-E-SF1-2,2223,2223-TX-E01,Mock Event E01,TX,2,11311,19899,21153,14186,266,273,-7,blue,True
2223-TX-E01-E-SF2-1,2223,2223-TX-E01,Mock Event E01,TX,1,8762,8055,19956,23195,213,268,-55,blue,True
2223-TX-E01-E-SF2-2,2223,2223-TX-E01,Mock Event E01,TX,2,8762,8055,19956,23195,253,232,21,red,True
2223-TX-E01-E-F-1,2223,2223-TX-E01,Mock Event E01,TX,1,11311,19899,8762,8055,241,223,18,red,True
2223-TX-E01-E-F-2,2223,2223-TX-E01,Mock Event E01,TX,2,11311,19899,8762,8055,250,243,7,red,True
2223-TX-E01-E-F-3,2223,2223-TX-E01,Mock Event E01,TX,3,11311,19899,8762,8055,259,235,24,red,True
2324-TX-E04-Q-001,2324,2324-TX-E04,Mock Event E04,TX,1,3058,15093,4234,13338,191,221,-30,blue,False
2324-TX-E04-Q-002,2324,2324-TX-E04,Mock Event E04,TX,2,19695,12453,3058,24626,138,170,-32,blue,False
2324-TX-E04-Q-003,2324,2324-TX-E04,Mock Event E04,TX,3,9180,19695,15176,4892,200,193,7,red,False
2324-TX-E04-Q-004,2324,2324-TX-E04,Mock Event E04,TX,4,15093,15176,9111,11010,90,239,-149,blue,False
2324-TX-E04-Q-005,2324,2324-TX-E04,Mock Event E04,TX,5,13338,17646,15967,9111,187,127,60,red,False
2324-TX-E04-Q-006,2324,2324-TX-E04,Mock Event E04,TX,6,5790,9180,3726,15176,129,112,17,red,False
2324-TX-E04-Q-007,2324,2324-TX-E04,Mock Event E04,TX,7,14564,15967,5550,24626,183,154,29,red,False
2324-TX-E04-Q-008,2324,2324-TX-E04,Mock Event E04,TX,8,5204,9984,18877,5550,166,257,-91,blue,False
2324-TX-E04-Q-009,2324,2324-TX-E04,Mock Event E04,TX,9,14564,1656,24626,13338,208,132,76,red,False
2324-TX-E04-Q-010,2324,2324-TX-E04,Mock Event E04,TX,10,5790,4234,17646,12453,175,191,-16,blue,False
2324-TX-E04-Q-011,2324,2324-TX-E04,Mock Event E04,TX,11,5790,12453,14564,18877,87,234,-147,blue,False
2324-TX-E04-Q-012,2324,2324-TX-E04,Mock Event E04,TX,12,4234,14564,4892,1656,291,256,35,red,False
2324-TX-E04-Q-013,2324,2324-TX-E04,Mock Event E04,TX,13,11010,14564,3726,18877,243,197,46,red,False
2324-TX-E04-Q-014,2324,2324-TX-E04,Mock Event E04,TX,14,15093,15938,15176,3058,177,186,-9,blue,False
2324-TX-E04-Q-015,2324,2324-TX-E04,Mock Event E04,TX,15,14564,15093,15967,24626,193,78,115,red,False
2324-TX-E04-Q-016,2324,2324-TX-E04,Mock Event E04,TX,16,14564,15489,12453,15176,219,84,135,red,False
2324-TX-E04-Q-017,2324,2324-TX-E04,Mock Event E04,TX,17,24626,3726,15489,18877,94,234,-140,blue,False
2324-TX-E04-Q-018,2324,2324-TX-E04,Mock Event E04,TX,18,19695,4892,18877,5204,237,233,4,red,False
2324-TX-E04-Q-019,2324,2324-TX-E04,Mock Event E04,TX,19,15489,17646,9111,4892,239,244,-5,blue,False
2324-TX-E04-Q-020,2324,2324-TX-E04,Mock Event E04,TX,20,4892,14564,3726,15176,271,105,166,red,False
2324-TX-E04-Q-021,2324,2324-TX-E04,Mock Event E04,TX,21,15176,11010,15489,9984,184,201,-17,blue,False
2324-TX-E04-Q-022,2324,2324-TX-E04,Mock Event E04,TX,22,18877,13338,14564,4892,182,239,-57,blue,False
2324-TX-E04-Q-023,2324,2324-TX-E04,Mock Event E04,TX,23,5204,9111,14564,5550,195,199,-4,blue,False
2324-TX-E04-Q-024,2324,2324-TX-E04,Mock Event E04,TX,24,15938,5204,9180,4234,251,237,14,red,False
2324-TX-E04-Q-025,2324,2324-TX-E04,Mock Event E04,TX,25,17646,14564,23347,12453,227,102,125,red,False
2324-TX-E04-Q-026,2324,2324-TX-E04,Mock Event E04,TX,26,3058,3726,13338,1656,219,162,57,red,False
2324-TX-E04-Q-027,2324,2324-TX-E04,Mock Event E04,TX,27,15938,15093,15489,9180,169,206,-37,blue,False
2324-TX-E04-Q-028,2324,2324-TX-E04,Mock Event E04,TX,28,19695,3058,1656,4892,195,239,-44,blue,False
2324-TX-E04-Q-029,2324,2324-TX-E04,Mock Event E04,TX,29,12453,13338,5204,15093,161,150,11,red,False
2324-TX-E04-Q-030,2324,2324-TX-E04,Mock Event E04,TX,30,5550,4234,4892,5204,251,249,2,red,False
2324-TX-E04-Q-031,2324,2324-TX-E04,Mock Event E04,TX,31,15489,15176,19695,12453,152,116,36,red,False
2324-TX-E04-E-SF1-1,2324,2324-TX-E04,Mock Event E04,TX,1,4892,18877,4234,5550,242,275,-33,blue,True
2324-TX-E04-E-SF1-2,2324,2324-TX-E04,Mock Event E04,TX,2,4892,18877,4234,5550,276,285,-9,blue,True
2324-TX-E04-E-SF1-3,2324,2324-TX-E04,Mock Event E04,TX,3,4892,18877,4234,5550,252,256,-4,blue,True
2324-TX-E04-E-SF2-1,2324,2324-TX-E04,Mock Event E04,TX,1,15938,17646,3058,11010,237,250,-13,blue,True
2324-TX-E04-E-SF2-2,2324,2324-TX-E04,Mock Event E04,TX,2,15938,17646,3058,11010,269,280,-11,blue,True
2324-TX-E04-E-F-1,2324,2324-TX-E04,Mock Event E04,TX,1,4892,18877,15938,17646,287,279,8,red,True
2324-TX-E04-E-F-2,2324,2324-TX-E04,Mock Event E04,TX,2,4892,18877,15938,17646,277,245,32,red,True
2324-TX-E04-E-F-3,2324,2324-TX-E04,Mock Event E04,TX,3,4892,18877,15938,17646,249,271,-22,blue,True
2324-TX-E03-Q-001,2324,2324-TX-E03,Mock Event E03,TX,1,23567,22125,3170,21946,203,169,34,red,False
2324-TX-E03-Q-002,2324,2324-TX-E03,Mock Event E03,TX,2,8380,23567,11579,6266,212,181,31,red,False
2324-TX-E03-Q-003,2324,2324-TX-E03,Mock Event E03,TX,3,19074,21946,22125,3170,169,278,-109,blue,False
2324-TX-E03-Q-004,2324,2324-TX-E03,Mock Event E03,TX,4,3170,22125,20245,19074,252,169,83,red,False
2324-TX-E03-Q-005,2324,2324-TX-E03,Mock Event E03,TX,5,1189,2539,22125,13159,265,244,21,red,False
2324-TX-E03-Q-006,2324,2324-TX-E03,Mock Event E03,TX,6,19074,11579,2539,21946,209,173,36,red,False
2324-TX-E03-Q-007,2324,2324-TX-E03,Mock Event E03,TX,7,2539,13159,10425,18255,229,214,15,red,False
2324-TX-E03-Q-008,2324,2324-TX-E03,Mock Event E03,TX,8,3170,22125,21946,18255,260,193,67,red,False
2324-TX-E03-Q-009,2324,2324-TX-E03,Mock Event E03,TX,9,10425,3170,1189,2539,225,283,-58,blue,False
2324-TX-E03-Q-010,2324,2324-TX-E03,Mock Event E03,TX,10,1189,8380,19074,3170,195,248,-53,blue,False
2324-TX-E03-Q-011,2324,2324-TX-E03,Mock Event E03,TX,11,10425,18255,21946,3170,190,218,-28,blue,False
2324-TX-E03-Q-012,2324,2324-TX-E03,Mock Event E03,TX,12,22125,21946,3170,2539,170,253,-83,blue,False
2324-TX-E03-Q-013,2324,2324-TX-E03,Mock Event E03,TX,13,23567,6266,20245,3170,180,212,-32,blue,False
2324-TX-E03-Q-014,2324,2324-TX-E03,Mock Event E03,TX,14,18255,13159,11016,1189,228,218,10,red,False
2324-TX-E03-Q-015,2324,2324-TX-E03,Mock Event E03,TX,15,10425,22125,13159,23567,150,237,-87,blue,False
2324-TX-E03-Q-016,2324,2324-TX-E03,Mock Event E03,TX,16,6266,2539,22125,8380,175,141,34,red,False
2324-TX-E03-Q-017,2324,2324-TX-E03,Mock Event E03,TX,17,20245,23567,22125,21946,187,199,-12,blue,False
2324-TX-E03-Q-018,2324,2324-TX-E03,Mock Event E03,TX,18,18255,10425,11016,11579,154,223,-69,blue,False
2324-TX-E03-E-SF1-1,2324,2324-TX-E03,Mock Event E03,TX,1,3170,11016,23567,18255,258,247,11,red,True
2324-TX-E03-E-SF1-2,2324,2324-TX-E03,Mock Event E03,TX,2,3170,11016,23567,18255,246,229,17,red,True
2324-TX-E03-E-SF2-1,2324,2324-TX-E03,Mock Event E03,TX,1,1189,2539,13159,19074,243,261,-18,blue,True
2324-TX-E03-E-SF2-2,2324,2324-TX-E03,Mock Event E03,TX,2,1189,2539,13159,19074,270,252,18,red,True
2324-TX-E03-E-SF2-3,2324,2324-TX-E03,Mock Event E03,TX,3,1189,2539,13159,19074,256,252,4,red,True
2324-TX-E03-E-F-1,2324,2324-TX-E03,Mock Event E03,TX,1,3170,11016,1189,2539,271,242,29,red,True
2324-TX-E03-E-F-2,2324,2324-TX-E03,Mock Event E03,TX,2,3170,11016,1189,2539,234,267,-33,blue,True
2324-TX-E03-E-F-3,2324,2324-TX-E03,Mock Event E03,TX,3,3170,11016,1189,2539,260,255,5,red,True
2324-TX-E02-Q-001,2324,2324-TX-E02,Mock Event E02,TX,1,17073,7359,16202,6382,133,229,-96,blue,False
2324-TX-E02-Q-002,2324,2324-TX-E02,Mock Event E02,TX,2,8925,5233,11889,21877,133,196,-63,blue,False
2324-TX-E02-Q-003,2324,2324-TX-E02,Mock Event E02,TX,3,15317,6382,14804,5252,158,205,-47,blue,False
2324-TX-E02-Q-004,2324,2324-TX-E02,Mock Event E02,TX,4,5233,7359,16202,11144,171,169,2,red,False
2324-TX-E02-Q-005,2324,2324-TX-E02,Mock Event E02,TX,5,8925,24605,18968,5252,118,221,-103,blue,False
2324-TX-E02-Q-006,2324,2324-TX-E02,Mock Event E02,TX,6,11144,11889,15579,7359,104,168,-64,blue,False
2324-TX-E02-Q-007,2324,2324-TX-E02,Mock Event E02,TX,7,16202,7359,5745,5252,151,231,-80,blue,False
2324-TX-E02-Q-008,2324,2324-TX-E02,Mock Event E02,TX,8,21877,14804,11144,5745,246,165,81,red,False
2324-TX-E02-Q-009,2324,2324-TX-E02,Mock Event E02,TX,9,16202,11889,15317,24605,203,89,114,red,False
2324-TX-E02-Q-010,2324,2324-TX-E02,Mock Event E02,TX,10,6975,20292,15317,1634,156,192,-36,blue,False
2324-TX-E02-Q-011,2324,2324-TX-E02,Mock Event E02,TX,11,14804,8925,15317,5233,182,180,2,red,False
2324-TX-E02-Q-012,2324,2324-TX-E02,Mock Event E02,TX,12,18968,1634,5233,6590,287,208,79,red,False
2324-TX-E02-Q-013,2324,2324-TX-E02,Mock Event E02,TX,13,7359,11144,12961,8925,144,161,-17,blue,False
2324-TX-E02-Q-014,2324,2324-TX-E02,Mock Event E02,TX,14,11889,5233,6847,7359,170,98,72,red,False
2324-TX-E02-Q-015,2324,2324-TX-E02,Mock Event E02,TX,15,18968,14804,9843,1634,241,133,108,red,False
2324-TX-E02-Q-016,2324,2324-TX-E02,Mock Event E02,TX,16,15579,17330,21788,7359,213,156,57,red,False
2324-TX-E02-Q-017,2324,2324-TX-E02,Mock Event E02,TX,17,9843,6590,5252,11144,158,131,27,red,False
2324-TX-E02-Q-018,2324,2324-TX-E02,Mock Event E02,TX,18,5745,6316,7359,6382,186,196,-10,blue,False
2324-TX-E02-Q-019,2324,2324-TX-E02,Mock Event E02,TX,19,6382,6847,20292,16202,167,227,-60,blue,False
2324-TX-E02-Q-020,2324,2324-TX-E02,Mock Event E02,TX,20,11144,15317,12961,14804,124,242,-118,blue,False
2324-TX-E02-Q-021,2324,2324-TX-E02,Mock Event E02,TX,21,7359,17330,20292,6590,168,212,-44,blue,False
2324-TX-E02-Q-022,2324,2324-TX-E02,Mock Event E02,TX,22,18968,15579,17073,6382,233,141,92,red,False
2324-TX-E02-Q-023,2324,2324-TX-E02,Mock Event E02,TX,23,9843,11889,6590,20292,114,221,-107,blue,False
2324-TX-E02-Q-024,2324,2324-TX-E02,Mock Event E02,TX,24,21877,9843,6590,16202,56,227,-171,blue,False
2324-TX-E02-Q-025,2324,2324-TX-E02,Mock Event E02,TX,25,15579,6975,15317,12961,163,194,-31,blue,False
2324-TX-E02-Q-026,2324,2324-TX-E02,Mock Event E02,TX,26,9843,6590,14804,6316,144,212,-68,blue,False
2324-TX-E02-Q-027,2324,2324-TX-E02,Mock Event E02,TX,27,11889,7359,17330,6975,162,205,-43,blue,False
2324-TX-E02-Q-028,2324,2324-TX-E02,Mock Event E02,TX,28,18968,17073,6316,24605,137,108,29,red,False
2324-TX-E02-Q-029,2324,2324-TX-E02,Mock Event E02,TX,29,6316,24605,1634,17073,90,146,-56,blue,False
2324-TX-E02-Q-030,2324,2324-TX-E02,Mock Event E02,TX,30,21877,11144,17073,6590,131,189,-58,blue,False
2324-TX-E02-Q-031,2324,2324-TX-E02,Mock Event E02,TX,31,5745,5233,17073,8925,222,63,159,red,False
2324-TX-E02-Q-032,2324,2324-TX-E02,Mock Event E02,TX,32,15317,18968,20292,17330,182,254,-72,blue,False
2324-TX-E02-E-SF1-1,2324,2324-TX-E02,Mock Event E02,TX,1,14804,5745,20292,6382,251,248,3,red,True
2324-TX-E02-E-SF1-2,2324,2324-TX-E02,Mock Event E02,TX,2,14804,5745,20292,6382,271,255,16,red,True
2324-TX-E02-E-SF1-3,2324,2324-TX-E02,Mock Event E02,TX,3,14804,5745,20292,6382,233,260,-27,blue,True
2324-TX-E02-E-SF2-1,2324,2324-TX-E02,Mock Event E02,TX,1,17330,21788,18968,16202,270,241,29,red,True
2324-TX-E02-E-SF2-2,2324,2324-TX-E02,Mock Event E02,TX,2,17330,21788,18968,16202,258,249,9,red,True
2324-TX-E02-E-SF2-3,2324,2324-TX-E02,Mock Event E02,TX,3,17330,21788,18968,16202,245,243,2,red,True
2324-TX-E02-E-F-1,2324,2324-TX-E02,Mock Event E02,TX,1,14804,5745,17330,21788,243,247,-4,blue,True
2324-TX-E02-E-F-2,2324,2324-TX-E02,Mock Event E02,TX,2,14804,5745,17330,21788,247,268,-21,blue,True
2324-TX-E02-E-F-3,2324,2324-TX-E02,Mock Event E02,TX,3,14804,5745,17330,21788,254,271,-17,blue,True
2324-TX-E01-Q-001,2324,2324-TX-E01,Mock Event E01,TX,1,18439,20493,8883,22443,167,84,83,red,False
2324-TX-E01-Q-002,2324,2324-TX-E01,Mock Event E01,TX,2,8381,20886,6129,18816,193,87,106,red,False
2324-TX-E01-Q-003,2324,2324-TX-E01,Mock Event E01,TX,3,21741,18816,7238,8381,153,127,26,red,False
2324-TX-E01-Q-004,2324,2324-TX-E01,Mock Event E01,TX,4,8381,22083,14122,22406,222,290,-68,blue,False
2324-TX-E01-Q-005,2324,2324-TX-E01,Mock Event E01,TX,5,8883,9266,8381,22443,162,145,17,red,False
2324-TX-E01-Q-006,2324,2324-TX-E01,Mock Event E01,TX,6,20886,9266,18816,5040,268,66,202,red,False
2324-TX-E01-Q-007,2324,2324-TX-E01,Mock Event E01,TX,7,8883,6930,21741,4541,41,249,-208,blue,False
2324-TX-E01-Q-008,2324,2324-TX-E01,Mock Event E01,TX,8,10302,8883,9859,8479,152,149,3,red,False
2324-TX-E01-Q-009,2324,2324-TX-E01,Mock Event E01,TX,9,5692,20886,7238,22443,198,110,88,red,False
2324-TX-E01-Q-010,2324,2324-TX-E01,Mock Event E01,TX,10,17265,9859,20493,16759,186,141,45,red,False
2324-TX-E01-Q-011,2324,2324-TX-E01,Mock Event E01,TX,11,7238,5040,6930,8479,87,69,18,red,False
2324-TX-E01-Q-012,2324,2324-TX-E01,Mock Event E01,TX,12,18816,22406,15101,16759,160,98,62,red,False
2324-TX-E01-Q-013,2324,2324-TX-E01,Mock Event E01,TX,13,17470,9266,20886,8479,236,176,60,red,False
2324-TX-E01-Q-014,2324,2324-TX-E01,Mock Event E01,TX,14,8381,20493,8479,4541,181,207,-26,blue,False
2324-TX-E01-Q-015,2324,2324-TX-E01,Mock Event E01,TX,15,17470,6129,9266,22083,221,255,-34,blue,False
2324-TX-E01-Q-016,2324,2324-TX-E01,Mock Event E01,TX,16,21741,20493,5040,6129,253,98,155,red,False
2324-TX-E01-Q-017,2324,2324-TX-E01,Mock Event E01,TX,17,22406,9859,7238,18816,254,100,154,red,False
2324-TX-E01-Q-018,2324,2324-TX-E01,Mock Event E01,TX,18,9859,6930,14122,6129,98,212,-114,blue,False
2324-TX-E01-Q-019,2324,2324-TX-E01,Mock Event E01,TX,19,20493,22443,17470,5692,138,158,-20,blue,False
2324-TX-E01-Q-020,2324,2324-TX-E01,Mock Event E01,TX,20,17265,5040,20493,4541,108,229,-121,blue,False
2324-TX-E01-Q-021,2324,2324-TX-E01,Mock Event E01,TX,21,22443,5692,18816,4541,112,151,-39,blue,False
2324-TX-E01-Q-022,2324,2324-TX-E01,Mock Event E01,TX,22,8381,6930,17265,18816,103,86,17,red,False
2324-TX-E01-Q-023,2324,2324-TX-E01,Mock Event E01,TX,23,20493,15101,21741,6930,172,166,6,red,False
2324-TX-E01-Q-024,2324,2324-TX-E01,Mock Event E01,TX,24,20886,7238,9266,9859,179,213,-34,blue,False
2324-TX-E01-Q-025,2324,2324-TX-E01,Mock Event E01,TX,25,9859,22443,10302,7238,132,189,-57,blue,False
2324-TX-E01-Q-026,2324,2324-TX-E01,Mock Event E01,TX,26,5040,18816,20886,20493,127,171,-44,blue,False
2324-TX-E01-Q-027,2324,2324-TX-E01,Mock Event E01,TX,27,21741,17470,20493,6930,237,135,102,red,False
2324-TX-E01-Q-028,2324,2324-TX-E01,Mock Event E01,TX,28,6930,16759,22406,22083,89,256,-167,blue,False
2324-TX-E01-Q-029,2324,2324-TX-E01,Mock Event E01,TX,29,17470,16759,22406,17265,177,254,-77,blue,False
2324-TX-E01-Q-030,2324,2324-TX-E01,Mock Event E01,TX,30,22406,18816,18439,6930,147,73,74,red,False
2324-TX-E01-Q-031,2324,2324-TX-E01,Mock Event E01,TX,31,16759,10302,20886,6129,192,194,-2,blue,False
2324-TX-E01-E-SF1-1,2324,2324-TX-E01,Mock Event E01,TX,1,22406,22083,21741,17470,272,256,16,red,True
2324-TX-E01-E-SF1-2,2324,2324-TX-E01,Mock Event E01,TX,2,22406,22083,21741,17470,272,230,42,red,True
2324-TX-E01-E-SF1-3,2324,2324-TX-E01,Mock Event E01,TX,3,22406,22083,21741,17470,266,229,37,red,True
2324-TX-E01-E-SF2-1,2324,2324-TX-E01,Mock Event E01,TX,1,4541,20886,9266,10302,244,259,-15,blue,True
2324-TX-E01-E-SF2-2,2324,2324-TX-E01,Mock Event E01,TX,2,4541,20886,9266,10302,253,243,10,red,True
2324-TX-E01-E-SF2-3,2324,2324-TX-E01,Mock Event E01,TX,3,4541,20886,9266,10302,245,254,-9,blue,True
2324-TX-E01-E-F-1,2324,2324-TX-E01,Mock Event E01,TX,1,22406,22083,4541,20886,237,248,-11,blue,True
2324-TX-E01-E-F-2,2324,2324-TX-E01,Mock Event E01,TX,2,22406,22083,4541,20886,258,258,0,blue,True
1819-TX-E01-Q-017,1819,1819-TX-E01,Event E01,TX,17,19905,5626,8171,18170,225,229,-4,blue,False
1819-TX-E01-Q-018,1819,1819-TX-E01,Event E01,TX,18,22030,5682,8171,21729,123,234,-111,blue,False
1819-TX-E01-Q-019,1819,1819-TX-E01,Event E01,TX,19,5682,22746,16062,1949,170,167,3,red,False
1819-TX-E01-Q-020,1819,1819-TX-E01,Event E01,TX,20,16062,19905,8171,5289,229,20,209,red,False
1920-TX-E04-Q-016,1920,1920-TX-E04,Event E04,TX,16,3130,3589,6354,19238,165,200,-35,blue,False
1920-TX-E04-Q-017,1920,1920-TX-E04,Event E04,TX,17,6354,12291,3589,12704,84,23,61,red,False
1920-TX-E04-Q-018,1920,1920-TX-E04,Event E04,TX,18,5857,3130,19238,12291,183,124,59,red,False
1920-TX-E04-Q-019,1920,1920-TX-E04,Event E04,TX,19,22373,12704,5857,13137,89,169,-80,blue,False
1920-TX-E04-Q-020,1920,1920-TX-E04,Event E04,TX,20,6354,3589,3130,12704,152,116,36,red,False
1920-TX-E01-Q-017,1920,1920-TX-E01,Event E01,TX,17,23922,9112,16577,20149,218,99,119,red,False
1920-TX-E01-Q-018,1920,1920-TX-E01,Event E01,TX,18,7986,23922,4132,15807,125,69,56,red,False
1920-TX-E01-Q-019,1920,1920-TX-E01,Event E01,TX,19,18215,4132,15650,12045,177,110,67,red,False
1920-TX-E01-Q-020,1920,1920-TX-E01,Event E01,TX,20,12045,16522,15650,7986,158,106,52,red,False
2122-TX-E01-Q-016,2122,2122-TX-E01,Event E01,TX,16,4732,10282,17306,13185,122,84,38,red,False
2122-TX-E01-Q-017,2122,2122-TX-E01,Event E01,TX,17,4732,13185,6376,11296,197,145,52,red,False
2122-TX-E01-Q-018,2122,2122-TX-E01,Event E01,TX,18,11296,4732,5040,20616,170,30,140,red,False
2122-TX-E01-Q-019,2122,2122-TX-E01,Event E01,TX,19,4732,20616,11296,8088,64,113,-49,blue,False
2122-TX-E01-Q-020,2122,2122-TX-E01,Event E01,TX,20,10282,5040,13185,21145,112,249,-137,blue,False
2223-TX-E02-Q-017,2223,2223-TX-E02,Event E02,TX,17,20560,9214,8624,5865,128,42,86,red,False
2223-TX-E02-Q-018,2223,2223-TX-E02,Event E02,TX,18,11460,8624,19595,14549,166,44,122,red,False
2223-TX-E02-Q-019,2223,2223-TX-E02,Event E02,TX,19,8624,5865,22439,11460,215,111,104,red,False
2223-TX-E02-Q-020,2223,2223-TX-E02,Event E02,TX,20,9214,19595,2151,19436,165,210,-45,blue,False
2324-TX-E03-Q-019,2324,2324-TX-E03,Event E03,TX,19,3170,6266,13159,1189,171,110,61,red,False
2324-TX-E03-Q-020,2324,2324-TX-E03,Event E03,TX,20,10425,11579,1189,21946,249,207,42,red,False
