team_number,event_key,season,ranking,wins,losses,ties,opr,np_opr,ccwm
1949,1819-TX-E01,1819,1,5,3,0,96.29,94.33,10.4
21517,1819-TX-E01,1819,2,4,0,0,153.6,146.28,31.61
18170,1819-TX-E01,1819,3,4,1,0,126.67,125.54,47.74
2113,1819-TX-E01,1819,4,4,1,0,135.76,127.11,43.06
22746,1819-TX-E01,1819,5,4,1,0,88.54,85.56,29.59
16062,1819-TX-E01,1819,6,3,1,0,78.86,70.23,35.66
5626,1819-TX-E01,1819,7,2,1,0,85.97,86.95,1.98
8171,1819-TX-E01,1819,8,2,5,0,88.89,85.86,-24.84
19905,1819-TX-E01,1819,9,2,4,0,97.52,88.74,9.16
5289,1819-TX-E01,1819,10,1,3,0,82.8,84.62,-38.82
21729,1819-TX-E01,1819,11,1,2,0,19.06,24.19,-59.6
5682,1819-TX-E01,1819,12,0,3,0,109.4,107.79,-16.72
22030,1819-TX-E01,1819,13,0,7,0,50.6,52.21,-65.28
13871,1819-TX-E02,1819,1,7,0,0,126.75,116.38,45.28
3632,1819-TX-E02,1819,2,5,2,0,155.05,148.85,48.52
23420,1819-TX-E02,1819,3,5,1,0,127.67,129.82,45.2
12598,1819-TX-E02,1819,4,4,1,0,119.87,115.71,6.33
1392,1819-TX-E02,1819,5,4,1,0,118.47,111.6,41.26
22602,1819-TX-E02,1819,6,3,2,0,118.15,122.0,-2.54
9894,1819-TX-E02,1819,7,3,1,0,102.07,83.14,48.15
18702,1819-TX-E02,1819,8,3,2,0,104.38,102.39,8.18
15039,1819-TX-E02,1819,9,3,4,0,77.63,73.52,-19.67
18050,1819-TX-E02,1819,10,2,3,0,95.98,101.61,-15.03
19001,1819-TX-E02,1819,11,2,2,0,101.38,96.8,5.42
1894,1819-TX-E02,1819,12,2,4,0,92.24,92.14,-24.33
17229,1819-TX-E02,1819,13,2,5,0,52.5,47.35,-53.82
21605,1819-TX-E02,1819,14,1,4,0,103.72,99.97,-6.93
21411,1819-TX-E02,1819,15,1,3,0,107.41,106.74,-4.24
3272,1819-TX-E02,1819,16,1,4,0,102.25,94.85,-9.41
7317,1819-TX-E02,1819,17,1,4,0,74.31,66.58,-18.67
8583,1819-TX-E02,1819,18,1,3,0,46.81,51.61,-49.07
2797,1819-TX-E02,1819,19,1,2,0,75.37,78.37,-28.48
7890,1819-TX-E02,1819,20,1,3,0,64.89,64.56,-32.32
6995,1819-TX-E02,1819,21,0,1,0,59.11,49.44,-69.68
15476,1819-TX-E03,1819,1,5,0,0,153.06,150.9,48.88
17285,1819-TX-E03,1819,2,5,2,0,89.53,77.15,20.13
11030,1819-TX-E03,1819,3,4,0,0,149.16,130.7,73.9
20065,1819-TX-E03,1819,4,4,1,0,106.42,106.72,53.13
15210,1819-TX-E03,1819,5,4,3,0,117.06,120.87,30.23
9005,1819-TX-E03,1819,6,4,2,0,91.37,86.45,1.21
3008,1819-TX-E03,1819,7,3,2,0,122.95,120.02,51.71
19016,1819-TX-E03,1819,8,3,3,0,112.24,107.1,-20.12
6011,1819-TX-E03,1819,9,3,2,0,99.64,102.04,-9.55
19170,1819-TX-E03,1819,10,3,1,0,90.99,84.14,18.26
9524,1819-TX-E03,1819,11,3,5,0,101.48,105.49,33.78
10147,1819-TX-E03,1819,12,3,2,0,103.31,105.25,45.02
16524,1819-TX-E03,1819,13,3,4,0,98.6,86.69,0.09
11463,1819-TX-E03,1819,14,3,1,0,95.57,97.11,9.92
18740,1819-TX-E03,1819,15,3,3,0,65.84,68.68,-13.88
24086,1819-TX-E03,1819,16,2,0,0,132.82,117.92,-9.95
10315,1819-TX-E03,1819,17,2,2,0,112.42,98.99,-12.6
12024,1819-TX-E03,1819,18,2,0,0,110.53,106.57,106.44
5722,1819-TX-E03,1819,19,2,3,0,108.85,99.6,54.64
19735,1819-TX-E03,1819,20,2,1,0,65.33,60.07,-17.74
3985,1819-TX-E03,1819,21,2,7,0,75.26,71.18,-25.03
10810,1819-TX-E03,1819,22,2,2,0,82.07,81.66,-8.74
12931,1819-TX-E03,1819,23,1,3,0,91.52,82.86,-66.27
21765,1819-TX-E03,1819,24,1,3,0,97.76,79.29,-35.28
1485,1819-TX-E03,1819,25,1,4,0,41.63,41.37,-97.73
14974,1819-TX-E03,1819,26,0,3,0,70.23,58.8,-43.26
11475,1819-TX-E03,1819,27,0,3,0,62.8,59.55,-47.67
17276,1819-TX-E03,1819,28,0,8,0,51.48,48.02,-89.45
2770,1819-TX-E04,1819,1,6,0,0,113.06,104.67,50.06
21170,1819-TX-E04,1819,2,4,3,0,86.95,85.74,9.95
21396,1819-TX-E04,1819,3,4,5,0,91.41,84.45,-3.24
8696,1819-TX-E04,1819,4,4,4,0,87.26,87.74,-5.33
8028,1819-TX-E04,1819,5,3,0,0,124.36,112.12,37.58
5613,1819-TX-E04,1819,6,3,2,0,100.23,97.57,18.14
16928,1819-TX-E04,1819,7,3,2,0,95.22,84.75,7.06
10135,1819-TX-E04,1819,8,2,0,0,146.7,154.15,126.64
6066,1819-TX-E04,1819,9,2,1,0,83.15,85.69,-10.43
24116,1819-TX-E04,1819,10,2,2,0,56.98,55.11,7.09
14966,1819-TX-E04,1819,11,2,2,0,62.12,62.61,-41.9
21896,1819-TX-E04,1819,12,2,5,0,50.14,37.41,-50.12
2739,1819-TX-E04,1819,13,1,6,0,65.61,62.73,-23.76
16362,1819-TX-E04,1819,14,1,3,0,76.92,71.85,10.17
9907,1819-TX-E04,1819,15,1,4,0,72.19,73.8,-28.92
15172,1819-TX-E04,1819,16,0,1,0,69.74,39.26,1.33
7373,1920-GA-EMN3,1920,1,5,1,0,31.12,31.12,8.19
17079,1920-GA-EMN3,1920,2,5,2,0,22.12,22.12,4.15
11364,1920-GA-EMN3,1920,3,4,2,0,26.05,26.05,18.39
16500,1920-GA-EMN3,1920,4,4,2,0,24.89,24.89,5.21
14110,1920-GA-EMN3,1920,5,4,2,0,17.25,17.25,9.24
7153,1920-GA-EMN3,1920,6,4,2,0,8.9,8.9,-2.15
11383,1920-GA-EMN3,1920,7,3,3,0,20.12,20.12,6.26
4100,1920-GA-EMN3,1920,8,3,3,0,19.19,19.19,11.72
12961,1920-GA-EMN3,1920,9,3,3,0,14.6,14.6,-3.38
10068,1920-GA-EMN3,1920,10,2,4,0,11.19,11.19,-11.41
16757,1920-GA-EMN3,1920,11,2,4,0,4.63,4.63,-6.22
11750,1920-GA-EMN3,1920,12,1,5,0,3.56,3.56,-18.77
16946,1920-GA-EMN3,1920,13,0,7,0,8.44,8.44,-18.79
14100,1920-GA-MB&GLM4,1920,1,5,0,0,33.1,33.1,17.54
15156,1920-GA-MB&GLM4,1920,2,4,1,0,42.29,42.29,16.59
12687,1920-GA-MB&GLM4,1920,3,4,1,0,21.55,21.55,12.44
16633,1920-GA-MB&GLM4,1920,4,4,1,0,15.58,15.58,-0.18
12694,1920-GA-MB&GLM4,1920,5,4,1,0,25.42,25.42,5.02
14471,1920-GA-MB&GLM4,1920,6,4,1,0,13.62,13.62,10.26
14116,1920-GA-MB&GLM4,1920,7,4,1,0,15.59,15.59,11.23
12212,1920-GA-MB&GLM4,1920,8,4,1,0,2.38,2.38,9.31
16631,1920-GA-MB&GLM4,1920,9,3,2,0,11.77,11.77,1.85
15290,1920-GA-MB&GLM4,1920,10,3,2,0,17.39,17.39,7.55
14468,1920-GA-MB&GLM4,1920,11,3,2,0,15.59,15.59,1.82
112,1920-GA-MB&GLM4,1920,12,2,3,0,12.62,12.62,-11.55
16767,1920-GA-MB&GLM4,1920,13,2,3,0,17.93,17.93,8.55
14101,1920-GA-MB&GLM4,1920,14,2,3,0,17.88,17.88,0.38
14285,1920-GA-MB&GLM4,1920,15,2,3,0,10.27,10.27,-7.45
16345,1920-GA-MB&GLM4,1920,16,2,3,0,14.53,14.53,2.36
16346,1920-GA-MB&GLM4,1920,17,2,3,0,17.13,17.13,8.34
12689,1920-GA-MB&GLM4,1920,18,2,3,0,20.01,20.01,-1.27
14470,1920-GA-MB&GLM4,1920,19,2,3,0,9.42,9.42,-16.43
14966,1920-GA-MB&GLM4,1920,20,2,3,0,11.55,11.55,-8.9
16282,1920-GA-MB&GLM4,1920,21,2,3,0,4.64,4.64,-3.31
16632,1920-GA-MB&GLM4,1920,22,2,3,0,-2.87,-2.87,-8.08
16344,1920-GA-MB&GLM4,1920,23,2,3,0,4.36,4.36,-9.56
14943,1920-GA-MB&GLM4,1920,24,1,4,0,29.48,29.48,-5.7
16838,1920-GA-MB&GLM4,1920,25,1,4,0,5.02,5.02,-1.02
22,1920-GA-MB&GLM4,1920,26,1,4,0,2.52,2.52,-8.97
14821,1920-GA-MB&GLM4,1920,27,1,4,0,6.16,6.16,-7.11
16600,1920-GA-MB&GLM4,1920,28,0,5,0,-5.93,-5.93,-23.73
12420,1920-GA-NGMN1,1920,1,5,0,0,33.86,33.86,21.51
10396,1920-GA-NGMN1,1920,2,5,0,0,26.01,26.01,16.39
16804,1920-GA-NGMN1,1920,3,4,1,0,18.84,18.84,3.81
15624,1920-GA-NGMN1,1920,4,4,1,0,13.22,13.22,13.4
14346,1920-GA-NGMN1,1920,5,4,1,0,13.62,13.62,11.61
5898,1920-GA-NGMN1,1920,6,3,2,0,24.76,24.76,0.3
14890,1920-GA-NGMN1,1920,7,3,2,0,27.07,27.07,6.65
11562,1920-GA-NGMN1,1920,8,3,2,0,20.34,20.34,-10.36
14892,1920-GA-NGMN1,1920,9,3,2,0,14.11,14.11,6.44
15776,1920-GA-NGMN1,1920,10,3,2,0,8.35,8.35,-2.25
12864,1920-GA-NGMN1,1920,11,2,3,0,23.34,23.34,12.83
14889,1920-GA-NGMN1,1920,12,2,3,0,13.85,13.85,0.19
14891,1920-GA-NGMN1,1920,13,2,3,0,12.63,12.63,-4.65
9686,1920-GA-NGMN1,1920,14,2,3,0,17.0,17.0,-11.49
5161,1920-GA-NGMN1,1920,15,2,3,0,13.52,13.52,-2.84
7673,1920-GA-NGMN1,1920,16,2,3,0,1.04,1.04,-13.52
14644,1920-GA-NGMN1,1920,17,1,4,0,17.57,17.57,-2.0
14888,1920-GA-NGMN1,1920,18,0,5,0,20.15,20.15,-0.75
13245,1920-GA-NGMN1,1920,19,0,5,0,5.48,5.48,-19.4
14419,1920-GA-NGMN1,1920,20,0,5,0,-0.38,-0.38,-25.86
9978,1920-IA-M3,1920,1,6,0,0,20.46,20.46,18.54
7259,1920-IA-M3,1920,2,4,2,0,18.08,18.08,10.96
8562,1920-IA-M3,1920,3,4,2,0,14.54,14.54,5.04
6638,1920-IA-M3,1920,4,3,3,0,12.54,12.54,3.21
7260,1920-IA-M3,1920,5,3,3,0,3.13,3.13,-4.29
7258,1920-IA-M3,1920,6,2,4,0,6.0,6.0,-10.54
7924,1920-IA-M3,1920,7,1,5,0,4.83,4.83,-10.71
13426,1920-IA-M3,1920,8,1,5,0,-0.75,-0.75,-12.21
7229,1920-IA-M41,1920,1,5,0,0,29.69,29.69,24.16
16995,1920-IA-M41,1920,2,4,1,0,33.84,33.84,32.15
9967,1920-IA-M41,1920,3,3,2,0,13.63,13.63,3.31
9983,1920-IA-M41,1920,4,3,2,0,9.32,9.32,3.56
7841,1920-IA-M41,1920,5,2,2,1,9.04,9.04,2.55
6624,1920-IA-M41,1920,6,2,3,1,-0.38,-0.38,-14.34
6662,1920-IA-M41,1920,7,2,2,1,5.73,5.73,2.3
15650,1920-IA-M41,1920,8,2,3,0,4.09,4.09,-15.46
6600,1920-IA-M41,1920,9,1,5,0,-1.76,-1.76,-12.45
8801,1920-IA-M41,1920,10,0,4,1,-1.39,-1.39,-20.42
9112,1920-TX-E01,1920,1,7,1,1,125.48,120.39,52.43
15650,1920-TX-E01,1920,2,4,2,0,129.35,123.0,48.95
4132,1920-TX-E01,1920,3,4,2,0,76.51,62.03,29.19
7986,1920-TX-E01,1920,4,3,2,1,125.23,121.81,24.64
16577,1920-TX-E01,1920,5,3,3,0,87.53,81.67,-6.61
23922,1920-TX-E01,1920,6,3,0,0,81.12,76.35,39.47
16522,1920-TX-E01,1920,7,2,5,1,59.64,58.54,-39.02
9138,1920-TX-E01,1920,8,2,2,0,47.91,50.03,-52.74
2835,1920-TX-E01,1920,9,1,3,1,41.29,42.7,-22.08
20149,1920-TX-E01,1920,10,1,1,0,92.94,93.53,-22.21
18215,1920-TX-E01,1920,11,0,3,0,74.77,80.25,-70.85
15807,1920-TX-E01,1920,12,0,5,0,48.97,50.04,-54.78
12045,1920-TX-E01,1920,13,0,1,0,70.36,71.46,-2.98
7229,1920-TX-E02,1920,1,8,0,0,133.24,131.48,43.99
4997,1920-TX-E02,1920,2,7,1,0,146.03,141.94,85.58
17357,1920-TX-E02,1920,3,6,1,0,128.04,114.25,57.09
21340,1920-TX-E02,1920,4,6,3,0,98.01,96.05,34.65
23665,1920-TX-E02,1920,5,5,2,0,113.46,118.4,25.78
21811,1920-TX-E02,1920,6,4,0,0,139.34,141.48,69.98
18078,1920-TX-E02,1920,7,4,5,0,81.32,77.49,-6.74
18211,1920-TX-E02,1920,8,3,3,0,90.43,84.46,-19.16
6974,1920-TX-E02,1920,9,3,6,0,94.33,86.24,-2.14
23772,1920-TX-E02,1920,10,3,5,0,24.57,23.08,-75.53
6544,1920-TX-E02,1920,11,2,0,0,168.51,151.13,122.88
3839,1920-TX-E02,1920,12,2,1,0,93.27,106.33,-4.24
5553,1920-TX-E02,1920,13,2,1,0,65.15,56.29,-17.01
3488,1920-TX-E02,1920,14,2,1,0,105.17,98.11,47.22
14947,1920-TX-E02,1920,15,2,1,0,81.45,80.72,36.17
12091,1920-TX-E02,1920,16,2,3,0,82.86,83.94,-40.53
17921,1920-TX-E02,1920,17,2,2,0,68.03,66.78,19.02
2423,1920-TX-E02,1920,18,2,1,0,81.05,84.85,43.04
8473,1920-TX-E02,1920,19,2,7,0,73.28,75.7,-32.53
21261,1920-TX-E02,1920,20,2,2,0,65.7,69.53,-8.87
6408,1920-TX-E02,1920,21,2,3,0,80.0,73.7,19.9
11146,1920-TX-E02,1920,22,2,2,0,57.71,50.03,-43.23
4888,1920-TX-E02,1920,23,2,2,0,72.72,73.32,-13.44
9375,1920-TX-E02,1920,24,2,1,0,52.32,48.94,12.54
9430,1920-TX-E02,1920,25,2,5,0,56.3,49.83,-38.73
13944,1920-TX-E02,1920,26,2,2,0,51.59,36.02,2.59
17994,1920-TX-E02,1920,27,1,2,0,80.6,80.33,-30.61
19195,1920-TX-E02,1920,28,1,4,0,60.17,57.51,-40.51
8004,1920-TX-E02,1920,29,1,2,0,88.83,71.52,-2.24
15822,1920-TX-E02,1920,30,1,3,0,69.22,64.72,-1.24
8198,1920-TX-E02,1920,31,1,4,0,58.04,61.42,-50.52
6892,1920-TX-E02,1920,32,0,3,0,80.5,78.87,-56.87
18641,1920-TX-E02,1920,33,0,2,0,87.2,58.57,-48.74
16261,1920-TX-E02,1920,34,0,2,0,26.92,39.62,-9.31
1351,1920-TX-E02,1920,35,0,4,0,31.49,32.92,-79.99
5834,1920-TX-E03,1920,1,7,4,0,110.45,103.14,24.03
20402,1920-TX-E03,1920,2,6,1,0,106.07,108.74,51.73
2686,1920-TX-E03,1920,3,5,2,0,129.81,118.74,26.17
14300,1920-TX-E03,1920,4,4,0,0,138.25,137.93,61.52
22097,1920-TX-E03,1920,5,4,3,0,117.08,117.12,50.45
14885,1920-TX-E03,1920,6,3,2,0,100.62,93.5,15.3
20017,1920-TX-E03,1920,7,3,2,0,122.06,111.26,-19.47
18301,1920-TX-E03,1920,8,3,5,0,88.29,82.96,-14.85
19463,1920-TX-E03,1920,9,3,3,0,88.28,90.13,-7.28
11910,1920-TX-E03,1920,10,3,4,0,79.61,74.79,13.14
5937,1920-TX-E03,1920,11,3,3,0,53.11,44.6,4.07
1530,1920-TX-E03,1920,12,2,1,0,71.89,81.51,8.85
18485,1920-TX-E03,1920,13,1,0,0,111.75,112.07,-47.52
23476,1920-TX-E03,1920,14,1,2,0,93.77,96.92,-33.02
7690,1920-TX-E03,1920,15,1,1,0,105.73,104.82,27.55
3474,1920-TX-E03,1920,16,1,1,0,48.1,27.22,-28.14
1408,1920-TX-E03,1920,17,1,4,0,56.13,52.92,-46.47
20503,1920-TX-E03,1920,18,1,4,0,60.45,53.68,-40.44
7483,1920-TX-E03,1920,19,1,4,0,65.46,48.47,-26.25
10542,1920-TX-E03,1920,20,1,4,0,-2.33,-0.86,-72.11
5530,1920-TX-E03,1920,21,0,2,0,44.05,53.69,-70.39
5383,1920-TX-E03,1920,22,0,2,0,37.05,26.59,-76.8
12704,1920-TX-E04,1920,1,6,4,0,148.59,144.53,72.1
13340,1920-TX-E04,1920,2,4,1,0,104.49,109.21,23.7
5857,1920-TX-E04,1920,3,4,1,0,119.04,110.35,42.53
12291,1920-TX-E04,1920,4,4,2,0,141.49,134.47,60.76
3589,1920-TX-E04,1920,5,4,2,0,115.1,113.03,40.16
19238,1920-TX-E04,1920,6,3,1,0,81.92,77.89,-41.72
6354,1920-TX-E04,1920,7,3,1,0,117.61,106.66,-8.33
13137,1920-TX-E04,1920,8,1,2,0,118.35,108.73,-2.0
3130,1920-TX-E04,1920,9,1,6,0,66.29,63.74,-87.12
22373,1920-TX-E04,1920,10,0,2,0,58.91,57.97,-102.6
19560,1920-TX-E04,1920,11,0,3,0,80.42,68.5,-37.02
24493,1920-TX-E04,1920,12,0,5,0,23.93,23.77,-105.08
6596,1920-USIL-19ILLT1,1920,1,4,1,0,57.06,57.06,38.27
7869,1920-USIL-19ILLT1,1920,2,4,1,0,38.93,38.93,5.14
8648,1920-USIL-19ILLT1,1920,3,4,1,0,50.93,50.93,38.97
11235,1920-USIL-19ILLT1,1920,4,4,1,0,35.21,35.21,27.27
11177,1920-USIL-19ILLT1,1920,5,4,1,0,34.94,34.94,17.25
12644,1920-USIL-19ILLT1,1920,6,4,1,0,41.7,41.7,19.24
9163,1920-USIL-19ILLT1,1920,7,4,1,0,28.19,28.19,4.86
14167,1920-USIL-19ILLT1,1920,8,4,1,0,30.01,30.01,19.56
10101,1920-USIL-19ILLT1,1920,9,3,2,0,39.38,39.38,6.43
8899,1920-USIL-19ILLT1,1920,10,3,2,0,24.91,24.91,-9.14
16244,1920-USIL-19ILLT1,1920,11,3,2,0,28.75,28.75,14.61
14469,1920-USIL-19ILLT1,1920,12,3,2,0,24.53,24.53,-12.72
9788,1920-USIL-19ILLT1,1920,13,3,2,0,27.63,27.63,10.62
15356,1920-USIL-19ILLT1,1920,14,3,2,0,12.57,12.57,-7.34
13310,1920-USIL-19ILLT1,1920,15,2,3,0,34.56,34.56,0.59
15005,1920-USIL-19ILLT1,1920,16,2,3,0,40.46,40.46,6.02
14723,1920-USIL-19ILLT1,1920,17,2,3,0,34.87,34.87,10.58
16277,1920-USIL-19ILLT1,1920,18,2,4,0,31.39,31.39,-14.71
9985,1920-USIL-19ILLT1,1920,19,2,3,0,16.82,16.82,-22.91
13594,1920-USIL-19ILLT1,1920,20,2,3,0,15.57,15.57,-8.44
9189,1920-USIL-19ILLT1,1920,21,2,3,0,10.19,10.19,-17.02
11283,1920-USIL-19ILLT1,1920,22,1,4,0,22.15,22.15,-14.87
15387,1920-USIL-19ILLT1,1920,23,1,4,0,7.88,7.88,-24.38
7317,1920-USIL-19ILLT1,1920,24,1,4,0,17.44,17.44,-11.16
14832,1920-USIL-19ILLT1,1920,25,1,4,0,8.05,8.05,-14.53
16905,1920-USIL-19ILLT1,1920,26,0,5,0,8.55,8.55,-17.91
3640,1920-USIL-19ILLT1,1920,27,0,5,0,6.26,6.26,-41.36
15005,1920-USIL-19ILM2,1920,1,5,0,0,43.51,43.51,23.87
14723,1920-USIL-19ILM2,1920,2,5,0,0,25.47,25.47,16.49
14469,1920-USIL-19ILM2,1920,3,4,1,0,29.74,29.74,6.36
16244,1920-USIL-19ILM2,1920,4,4,1,0,22.01,22.01,20.8
13310,1920-USIL-19ILM2,1920,5,3,2,0,14.46,14.46,2.51
8899,1920-USIL-19ILM2,1920,6,3,2,0,18.04,18.04,-8.71
16277,1920-USIL-19ILM2,1920,7,3,2,0,15.6,15.6,2.69
12644,1920-USIL-19ILM2,1920,8,2,3,0,15.41,15.41,-6.47
11235,1920-USIL-19ILM2,1920,9,2,3,0,17.37,17.37,-10.45
9163,1920-USIL-19ILM2,1920,10,2,3,0,15.76,15.76,-1.19
14167,1920-USIL-19ILM2,1920,11,2,3,0,3.42,3.42,-13.75
9985,1920-USIL-19ILM2,1920,12,2,3,0,8.34,8.34,-11.9
11283,1920-USIL-19ILM2,1920,13,1,4,0,23.92,23.92,-0.26
9788,1920-USIL-19ILM2,1920,14,1,4,0,18.09,18.09,3.77
8648,1920-USIL-19ILM2,1920,15,1,4,0,7.85,7.85,-2.94
7317,1920-USIL-19ILM2,1920,16,0,5,0,10.41,10.41,-20.84
15005,1920-USIL-19ILM3,1920,1,5,0,0,48.24,48.24,35.57
12644,1920-USIL-19ILM3,1920,2,4,1,0,42.68,42.68,13.46
14723,1920-USIL-19ILM3,1920,3,4,1,0,35.27,35.27,15.01
14469,1920-USIL-19ILM3,1920,4,4,1,0,35.13,35.13,15.72
9985,1920-USIL-19ILM3,1920,5,4,1,0,13.15,13.15,-5.38
13310,1920-USIL-19ILM3,1920,6,3,2,0,21.31,21.31,-2.6
16244,1920-USIL-19ILM3,1920,7,3,2,0,28.94,28.94,6.59
9788,1920-USIL-19ILM3,1920,8,2,3,0,27.31,27.31,-6.04
16277,1920-USIL-19ILM3,1920,9,2,3,0,17.88,17.88,2.37
11283,1920-USIL-19ILM3,1920,10,2,3,0,22.12,22.12,-13.74
7317,1920-USIL-19ILM3,1920,11,2,3,0,22.29,22.29,0.55
14167,1920-USIL-19ILM3,1920,12,1,4,0,24.8,24.8,-12.38
8648,1920-USIL-19ILM3,1920,13,1,4,0,22.34,22.34,-14.19
11235,1920-USIL-19ILM3,1920,14,1,4,0,14.36,14.36,-10.29
8899,1920-USIL-19ILM3,1920,15,1,4,0,14.05,14.05,-15.28
9163,1920-USIL-19ILM3,1920,16,1,4,0,10.15,10.15,-9.38
11148,2021-AU-AUNSWPYQT01,2021,1,5,0,0,112.47,112.47,72.69
11147,2021-AU-AUNSWPYQT01,2021,2,4,1,0,72.08,72.08,52.98
11144,2021-AU-AUNSWPYQT01,2021,3,4,1,0,65.38,65.38,48.15
18609,2021-AU-AUNSWPYQT01,2021,4,4,1,0,28.99,28.99,27.52
14349,2021-AU-AUNSWPYQT01,2021,5,4,1,0,27.43,27.43,22.16
18361,2021-AU-AUNSWPYQT01,2021,6,3,1,1,76.92,76.92,61.66
16551,2021-AU-AUNSWPYQT01,2021,7,3,2,0,-8.73,-8.73,-30.34
17752,2021-AU-AUNSWPYQT01,2021,8,3,2,0,10.1,10.1,-33.46
18608,2021-AU-AUNSWPYQT01,2021,9,2,2,1,6.13,6.13,-15.73
18363,2021-AU-AUNSWPYQT01,2021,10,2,2,1,4.12,4.12,-24.25
12554,2021-AU-AUNSWPYQT01,2021,11,2,2,1,-4.26,-4.26,-14.06
18360,2021-AU-AUNSWPYQT01,2021,12,2,2,1,-1.02,-1.02,11.74
11146,2021-AU-AUNSWPYQT01,2021,13,2,3,0,27.29,27.29,10.42
11143,2021-AU-AUNSWPYQT01,2021,14,2,3,0,26.71,26.71,2.92
11258,2021-AU-AUNSWPYQT01,2021,15,2,3,0,31.85,31.85,-42.37
18359,2021-AU-AUNSWPYQT01,2021,16,1,4,0,6.39,6.39,-39.81
11145,2021-AU-AUNSWPYQT01,2021,17,1,4,0,4.13,4.13,-7.51
18306,2021-AU-AUNSWPYQT01,2021,18,0,4,1,5.82,5.82,-28.71
18362,2021-AU-AUNSWPYQT01,2021,19,0,4,1,-21.62,-21.62,-46.85
18043,2021-AU-AUNSWPYQT01,2021,20,0,4,1,0.82,0.82,-27.15
12993,2021-AU-AUQLDROQT01,2021,1,5,0,0,21.87,21.87,18.49
14380,2021-AU-AUQLDROQT01,2021,2,4,1,0,45.11,45.11,28.42
18228,2021-AU-AUQLDROQT01,2021,3,4,1,0,29.85,29.85,25.92
17556,2021-AU-AUQLDROQT01,2021,4,4,1,0,20.7,20.7,5.96
18294,2021-AU-AUQLDROQT01,2021,5,4,1,0,14.69,14.69,6.96
15145,2021-AU-AUQLDROQT01,2021,6,4,1,0,-5.83,-5.83,-3.09
17101,2021-AU-AUQLDROQT01,2021,7,3,2,0,17.32,17.32,8.54
14340,2021-AU-AUQLDROQT01,2021,8,3,2,0,7.5,7.5,-4.14
14579,2021-AU-AUQLDROQT01,2021,9,3,2,0,8.75,8.75,7.87
17707,2021-AU-AUQLDROQT01,2021,10,3,2,0,16.21,16.21,3.83
16492,2021-AU-AUQLDROQT01,2021,11,3,2,0,6.48,6.48,-0.64
18267,2021-AU-AUQLDROQT01,2021,12,2,2,1,6.99,6.99,-12.76
11322,2021-AU-AUQLDROQT01,2021,13,2,2,1,-4.17,-4.17,3.64
13036,2021-AU-AUQLDROQT01,2021,14,2,2,1,-3.8,-3.8,-4.92
15710,2021-AU-AUQLDROQT01,2021,15,2,3,0,18.61,18.61,0.29
11506,2021-AU-AUQLDROQT01,2021,16,2,3,0,11.33,11.33,-2.69
16068,2021-AU-AUQLDROQT01,2021,17,2,3,0,8.71,8.71,-12.81
13710,2021-AU-AUQLDROQT01,2021,18,2,3,0,6.35,6.35,2.15
12576,2021-AU-AUQLDROQT01,2021,19,2,3,0,-0.8,-0.8,-6.57
14705,2021-AU-AUQLDROQT01,2021,20,2,3,0,-2.57,-2.57,-16.68
11323,2021-AU-AUQLDROQT01,2021,21,1,3,1,2.98,2.98,-0.44
13626,2021-AU-AUQLDROQT01,2021,22,1,3,1,-3.09,-3.09,-17.19
14466,2021-AU-AUQLDROQT01,2021,23,1,3,1,5.29,5.29,6.15
16337,2021-AU-AUQLDROQT01,2021,24,1,3,1,7.51,7.51,-0.49
16637,2021-AU-AUQLDROQT01,2021,25,1,3,1,-3.06,-3.06,-0.76
18248,2021-AU-AUQLDROQT01,2021,26,1,4,0,5.1,5.1,-6.77
18449,2021-AU-AUQLDROQT01,2021,27,1,4,0,1.17,1.17,-23.0
18500,2021-AU-AUQLDROQT01,2021,28,1,4,0,-3.76,-3.76,-5.27
9582,2021-TX-E01,2021,1,8,1,0,119.35,116.12,65.32
5583,2021-TX-E01,2021,2,8,2,0,102.9,94.32,20.33
11878,2021-TX-E01,2021,3,7,1,0,130.77,132.0,37.81
7586,2021-TX-E01,2021,4,7,1,0,123.57,116.61,38.94
14305,2021-TX-E01,2021,5,6,2,0,111.27,109.06,32.09
8451,2021-TX-E01,2021,6,4,3,0,53.6,53.86,-33.09
2728,2021-TX-E01,2021,7,3,2,0,135.23,130.33,46.8
7613,2021-TX-E01,2021,8,3,3,0,114.52,113.68,15.23
9874,2021-TX-E01,2021,9,3,3,0,115.03,109.55,37.74
17099,2021-TX-E01,2021,10,3,1,0,111.82,111.71,35.4
2349,2021-TX-E01,2021,11,3,2,0,78.42,80.9,-4.13
20791,2021-TX-E01,2021,12,3,4,0,61.08,59.35,-8.76
10800,2021-TX-E01,2021,13,2,3,0,110.82,106.82,-0.95
8643,2021-TX-E01,2021,14,2,3,0,119.33,111.56,22.01
21018,2021-TX-E01,2021,15,2,2,0,79.89,82.83,-12.62
7252,2021-TX-E01,2021,16,2,3,0,58.71,59.5,-45.81
4304,2021-TX-E01,2021,17,1,0,0,116.73,113.94,17.91
3755,2021-TX-E01,2021,18,1,1,0,117.38,101.92,43.07
15489,2021-TX-E01,2021,19,1,3,0,114.58,106.88,28.16
23517,2021-TX-E01,2021,20,1,5,0,71.76,73.43,-46.63
23460,2021-TX-E01,2021,21,1,4,0,75.03,72.76,-60.27
1590,2021-TX-E01,2021,22,1,6,0,44.19,38.45,-46.52
18579,2021-TX-E01,2021,23,1,1,0,49.42,34.06,-100.04
24577,2021-TX-E01,2021,24,1,3,0,34.92,40.56,-57.73
15831,2021-TX-E01,2021,25,0,1,0,79.48,80.32,-64.23
2908,2021-TX-E01,2021,26,0,3,0,61.12,62.74,-65.12
2506,2021-TX-E01,2021,27,0,2,0,60.13,57.77,-84.44
7009,2021-TX-E01,2021,28,0,6,0,56.71,58.49,-60.37
18768,2021-TX-E01,2021,29,0,3,0,72.63,65.87,14.8
9428,2021-TX-E02,2021,1,8,0,0,141.63,144.67,89.48
24841,2021-TX-E02,2021,2,6,2,0,124.4,120.14,30.38
18899,2021-TX-E02,2021,3,4,2,0,148.58,143.77,74.36
23204,2021-TX-E02,2021,4,4,2,0,152.02,144.35,62.73
6451,2021-TX-E02,2021,5,4,3,0,118.95,109.74,50.99
8364,2021-TX-E02,2021,6,3,1,0,125.1,119.48,19.52
16724,2021-TX-E02,2021,7,3,2,0,67.43,64.39,-13.63
18374,2021-TX-E02,2021,8,2,1,0,133.6,133.11,-7.35
12905,2021-TX-E02,2021,9,2,1,0,126.95,124.91,35.32
2365,2021-TX-E02,2021,10,2,2,0,115.87,119.71,5.38
2780,2021-TX-E02,2021,11,2,2,0,72.67,65.63,-48.2
16252,2021-TX-E02,2021,12,2,1,0,93.87,98.77,6.69
18751,2021-TX-E02,2021,13,2,3,0,123.15,124.05,40.78
9152,2021-TX-E02,2021,14,2,3,0,94.47,89.96,8.72
1786,2021-TX-E02,2021,15,2,5,0,58.21,55.03,-72.2
10747,2021-TX-E02,2021,16,2,4,0,81.31,72.59,-28.9
6034,2021-TX-E02,2021,17,2,6,0,60.53,55.41,-47.94
3124,2021-TX-E02,2021,18,2,3,0,70.87,66.35,-25.04
21987,2021-TX-E02,2021,19,2,2,0,24.5,16.03,-20.39
18588,2021-TX-E02,2021,20,1,2,0,53.65,56.61,-79.2
8885,2021-TX-E02,2021,21,1,4,0,69.59,71.02,-77.71
10465,2021-TX-E02,2021,22,1,5,0,36.18,38.84,-15.8
8275,2021-TX-E02,2021,23,1,2,0,47.21,44.62,-14.9
17682,2021-TX-E02,2021,24,0,2,0,13.95,13.11,-146.89
2714,2021-TX-E03,2021,1,8,1,0,130.56,128.7,36.09
5892,2021-TX-E03,2021,2,7,1,0,123.45,116.7,73.33
14691,2021-TX-E03,2021,3,5,2,0,105.51,105.32,14.37
21003,2021-TX-E03,2021,4,5,3,0,81.88,79.86,30.88
14699,2021-TX-E03,2021,5,3,1,0,141.47,140.78,102.3
9351,2021-TX-E03,2021,6,3,0,0,109.91,112.13,110.66
16367,2021-TX-E03,2021,7,3,1,0,63.73,66.11,17.99
17533,2021-TX-E03,2021,8,3,1,0,102.03,103.75,13.57
24300,2021-TX-E03,2021,9,3,3,0,81.18,78.23,-12.32
24927,2021-TX-E03,2021,10,3,4,0,38.95,35.9,-22.85
12601,2021-TX-E03,2021,11,3,6,0,48.95,50.91,-17.86
11806,2021-TX-E03,2021,12,2,0,0,141.64,136.19,-27.26
21762,2021-TX-E03,2021,13,2,1,0,130.82,129.49,54.86
16643,2021-TX-E03,2021,14,2,3,0,99.41,100.95,45.75
1222,2021-TX-E03,2021,15,2,4,0,117.24,109.91,-10.78
12646,2021-TX-E03,2021,16,2,1,0,104.14,90.29,-40.93
21864,2021-TX-E03,2021,17,2,3,0,80.96,75.33,-46.12
14836,2021-TX-E03,2021,18,1,3,0,86.06,85.63,-59.86
8543,2021-TX-E03,2021,19,1,3,0,119.86,113.83,44.73
14315,2021-TX-E03,2021,20,1,1,0,57.45,56.81,33.65
5545,2021-TX-E03,2021,21,1,6,0,53.7,45.61,-18.19
2639,2021-TX-E03,2021,22,1,2,0,58.5,51.14,-75.79
19635,2021-TX-E03,2021,23,1,5,0,39.24,38.36,-58.27
23891,2021-TX-E03,2021,24,1,5,0,47.86,36.11,-62.18
14749,2021-TX-E03,2021,25,1,2,0,32.47,33.39,-96.05
10302,2021-TX-E03,2021,26,0,1,0,109.53,80.22,-129.3
3318,2021-TX-E03,2021,27,0,3,0,29.95,27.75,-54.83
2217,2021-TX-E04,2021,1,10,1,0,114.26,112.88,28.71
11339,2021-TX-E04,2021,2,8,1,0,142.75,137.86,52.58
9504,2021-TX-E04,2021,3,4,0,0,103.26,101.89,52.96
11119,2021-TX-E04,2021,4,4,4,0,95.79,82.04,4.5
18751,2021-TX-E04,2021,5,3,0,0,118.2,124.44,22.08
3275,2021-TX-E04,2021,6,3,2,0,128.78,131.24,28.72
2760,2021-TX-E04,2021,7,3,3,0,64.78,67.35,-25.26
19651,2021-TX-E04,2021,8,3,3,0,69.53,64.78,-5.35
19407,2021-TX-E04,2021,9,3,4,0,82.36,78.76,-15.45
19114,2021-TX-E04,2021,10,2,1,0,116.56,112.35,40.46
5399,2021-TX-E04,2021,11,2,3,0,94.88,97.32,-28.7
8319,2021-TX-E04,2021,12,2,3,0,83.15,79.12,-0.03
3335,2021-TX-E04,2021,13,1,3,0,100.75,95.09,7.9
14171,2021-TX-E04,2021,14,1,1,0,70.65,74.76,-26.21
7611,2021-TX-E04,2021,15,1,3,0,72.2,66.94,-10.4
19350,2021-TX-E04,2021,16,1,3,0,60.33,51.98,-45.23
16688,2021-TX-E04,2021,17,1,4,0,65.36,61.93,-34.97
5491,2021-TX-E04,2021,18,0,4,0,80.41,80.29,-43.12
8957,2021-TX-E04,2021,19,0,3,0,95.81,98.31,-34.31
22159,2021-TX-E04,2021,20,0,2,0,82.45,84.58,-60.23
24767,2021-TX-E04,2021,21,0,4,0,50.55,44.84,-29.64
16055,2122-BR-BRCMP,2122,1,6,0,0,109.96,109.96,76.13
17728,2122-BR-BRCMP,2122,2,6,0,0,113.21,113.21,82.33
19193,2122-BR-BRCMP,2122,3,5,1,0,76.12,76.12,74.49
17731,2122-BR-BRCMP,2122,4,5,1,0,69.34,69.34,10.09
21083,2122-BR-BRCMP,2122,5,5,1,0,89.43,89.43,51.1
16052,2122-BR-BRCMP,2122,6,4,1,1,59.03,59.03,-1.58
16054,2122-BR-BRCMP,2122,7,4,2,0,146.24,146.24,79.44
17730,2122-BR-BRCMP,2122,8,4,2,0,71.89,71.89,47.27
21077,2122-BR-BRCMP,2122,9,4,2,0,68.08,68.08,48.96
16049,2122-BR-BRCMP,2122,10,4,2,0,66.92,66.92,16.67
19191,2122-BR-BRCMP,2122,11,4,2,0,66.48,66.48,43.1
19188,2122-BR-BRCMP,2122,12,4,2,0,77.12,77.12,42.38
16053,2122-BR-BRCMP,2122,13,4,2,0,25.3,25.3,-20.28
21084,2122-BR-BRCMP,2122,14,4,2,0,33.79,33.79,0.22
18066,2122-BR-BRCMP,2122,15,4,2,0,32.92,32.92,16.5
14391,2122-BR-BRCMP,2122,16,4,2,0,41.4,41.4,25.02
16058,2122-BR-BRCMP,2122,17,4,2,0,39.48,39.48,41.55
21036,2122-BR-BRCMP,2122,18,4,2,0,12.75,12.75,-44.85
16786,2122-BR-BRCMP,2122,19,3,2,1,94.84,94.84,7.62
17729,2122-BR-BRCMP,2122,20,3,2,1,61.99,61.99,2.81
17801,2122-BR-BRCMP,2122,21,3,3,0,89.45,89.45,11.64
19194,2122-BR-BRCMP,2122,22,3,3,0,30.07,30.07,-5.17
21069,2122-BR-BRCMP,2122,23,3,3,0,51.56,51.56,34.93
17739,2122-BR-BRCMP,2122,24,3,3,0,28.56,28.56,-19.82
21086,2122-BR-BRCMP,2122,25,3,3,0,1.67,1.67,-35.74
19192,2122-BR-BRCMP,2122,26,3,3,0,29.98,29.98,-29.11
18613,2122-BR-BRCMP,2122,27,2,3,1,45.26,45.26,-16.82
16041,2122-BR-BRCMP,2122,28,2,4,0,58.99,58.99,-16.2
16062,2122-BR-BRCMP,2122,29,2,4,0,35.12,35.12,-37.5
16043,2122-BR-BRCMP,2122,30,2,4,0,48.49,48.49,4.79
16051,2122-BR-BRCMP,2122,31,2,4,0,32.63,32.63,-4.19
20858,2122-BR-BRCMP,2122,32,2,4,0,-2.93,-2.93,-36.56
17742,2122-BR-BRCMP,2122,33,2,4,0,0.81,0.81,-41.08
16050,2122-BR-BRCMP,2122,34,2,4,0,1.16,1.16,-26.89
21223,2122-BR-BRCMP,2122,35,2,4,0,6.96,6.96,-45.25
21178,2122-BR-BRCMP,2122,36,2,4,0,4.55,4.55,-33.49
21081,2122-BR-BRCMP,2122,37,2,4,0,2.11,2.11,-38.75
17893,2122-BR-BRCMP,2122,38,1,5,0,34.97,34.97,-35.78
21085,2122-BR-BRCMP,2122,39,1,5,0,38.54,38.54,-29.32
17799,2122-BR-BRCMP,2122,40,1,5,0,38.07,38.07,-9.68
19195,2122-BR-BRCMP,2122,41,1,5,0,11.95,11.95,-12.01
16056,2122-BR-BRCMP,2122,42,1,5,0,3.32,3.32,-66.08
21078,2122-BR-BRCMP,2122,43,0,6,0,29.6,29.6,-30.54
21222,2122-BR-BRCMP,2122,44,0,6,0,-5.98,-5.98,-80.33
17731,2122-BR-BRSPS,2122,1,5,1,0,85.79,85.79,62.13
17728,2122-BR-BRSPS,2122,2,5,1,0,63.19,63.19,34.45
16062,2122-BR-BRSPS,2122,3,5,1,0,30.95,30.95,8.45
16058,2122-BR-BRSPS,2122,4,4,2,0,37.78,37.78,-13.64
18066,2122-BR-BRSPS,2122,5,4,2,0,41.6,41.6,19.72
16055,2122-BR-BRSPS,2122,6,3,3,0,60.5,60.5,20.9
16054,2122-BR-BRSPS,2122,7,3,3,0,64.4,64.4,50.14
17801,2122-BR-BRSPS,2122,8,3,3,0,27.4,27.4,-24.07
19188,2122-BR-BRSPS,2122,9,2,4,0,37.18,37.18,2.46
16043,2122-BR-BRSPS,2122,10,1,5,0,21.24,21.24,-40.28
16041,2122-BR-BRSPS,2122,11,1,5,0,-1.5,-1.5,-55.18
16053,2122-BR-BRSPS,2122,12,0,6,0,2.81,2.81,-65.08
5870,2122-TX-E01,2122,1,6,1,0,111.52,112.7,41.19
1705,2122-TX-E01,2122,2,5,1,0,103.21,97.47,42.55
21145,2122-TX-E01,2122,3,3,2,0,125.54,121.82,58.67
4732,2122-TX-E01,2122,4,3,2,0,48.06,45.13,5.27
17306,2122-TX-E01,2122,5,3,2,0,78.1,80.28,11.39
6376,2122-TX-E01,2122,6,2,1,0,102.96,95.06,8.79
11296,2122-TX-E01,2122,7,2,1,0,114.79,104.68,2.42
8088,2122-TX-E01,2122,8,2,3,0,104.45,98.57,9.85
10282,2122-TX-E01,2122,9,1,1,0,124.37,123.7,-11.41
13185,2122-TX-E01,2122,10,1,4,0,77.46,74.66,-37.47
20616,2122-TX-E01,2122,11,1,6,0,34.42,31.37,-52.88
5040,2122-TX-E01,2122,12,1,6,0,35.17,33.54,-60.41
4304,2122-TX-E02,2122,1,9,1,0,156.3,141.17,48.05
3623,2122-TX-E02,2122,2,5,1,0,97.68,102.32,14.87
4331,2122-TX-E02,2122,3,5,2,0,144.23,127.73,49.0
9756,2122-TX-E02,2122,4,5,1,0,121.04,117.1,43.64
23645,2122-TX-E02,2122,5,3,1,0,133.73,126.86,9.31
9755,2122-TX-E02,2122,6,3,4,0,114.89,114.34,-9.63
22097,2122-TX-E02,2122,7,3,1,0,123.09,118.73,58.47
17659,2122-TX-E02,2122,8,3,4,0,134.1,127.16,7.1
11682,2122-TX-E02,2122,9,2,0,0,130.4,135.74,42.79
11227,2122-TX-E02,2122,10,2,2,0,143.88,127.4,-20.04
6906,2122-TX-E02,2122,11,2,3,0,82.23,90.51,1.02
19771,2122-TX-E02,2122,12,2,3,0,82.1,80.74,-25.1
3572,2122-TX-E02,2122,13,2,2,0,63.07,69.39,19.26
24242,2122-TX-E02,2122,14,2,1,0,54.44,61.25,-42.38
6282,2122-TX-E02,2122,15,2,4,0,53.23,55.78,-15.86
15393,2122-TX-E02,2122,16,2,1,0,34.97,32.92,15.21
21469,2122-TX-E02,2122,17,2,4,0,41.71,33.74,-49.0
5416,2122-TX-E02,2122,18,1,4,0,123.17,124.46,0.68
19102,2122-TX-E02,2122,19,1,3,0,135.16,126.33,-16.92
15902,2122-TX-E02,2122,20,1,3,0,112.9,113.34,-8.96
22347,2122-TX-E02,2122,21,1,2,0,95.26,83.24,-12.76
7590,2122-TX-E02,2122,22,1,3,0,62.31,54.44,-53.87
19104,2122-TX-E02,2122,23,1,8,0,41.61,31.22,-50.54
12579,2122-TX-E02,2122,24,0,2,0,54.56,42.9,-55.34
21096,2122-TX-E03,2122,1,8,3,0,110.89,107.26,13.16
24581,2122-TX-E03,2122,2,6,2,0,104.38,96.95,4.46
23753,2122-TX-E03,2122,3,6,3,0,90.99,89.86,22.25
10469,2122-TX-E03,2122,4,3,0,0,121.95,100.04,82.26
20130,2122-TX-E03,2122,5,3,0,0,101.61,100.71,60.53
15737,2122-TX-E03,2122,6,3,1,0,82.11,81.39,20.94
17939,2122-TX-E03,2122,7,2,1,0,128.64,123.23,53.23
22399,2122-TX-E03,2122,8,2,3,0,124.91,128.66,5.81
1823,2122-TX-E03,2122,9,2,2,0,93.26,103.76,-2.19
9691,2122-TX-E03,2122,10,2,4,0,90.1,92.11,-21.78
3757,2122-TX-E03,2122,11,2,3,0,95.28,97.53,-3.92
1113,2122-TX-E03,2122,12,2,1,0,48.02,35.66,-17.54
24144,2122-TX-E03,2122,13,1,3,0,51.26,47.01,-11.98
17586,2122-TX-E03,2122,14,1,2,0,46.34,39.79,-58.76
1302,2122-TX-E03,2122,15,1,6,0,59.79,47.08,-41.29
6609,2122-TX-E03,2122,16,0,7,0,47.35,38.94,-42.97
10567,2122-TX-E03,2122,17,0,1,0,78.65,82.06,35.97
3789,2122-TX-E03,2122,18,0,2,0,44.93,50.49,-45.87
4073,2122-TX-E04,2122,1,6,0,0,153.93,150.97,68.55
9099,2122-TX-E04,2122,2,5,1,0,127.75,132.25,53.51
15571,2122-TX-E04,2122,3,5,2,0,98.29,98.86,3.23
15573,2122-TX-E04,2122,4,5,2,0,112.06,107.02,31.31
5931,2122-TX-E04,2122,5,5,3,0,82.65,73.52,22.38
4336,2122-TX-E04,2122,6,4,3,0,79.79,82.42,6.95
10056,2122-TX-E04,2122,7,4,3,0,80.94,86.68,-25.22
6235,2122-TX-E04,2122,8,3,0,0,126.04,111.72,30.13
8849,2122-TX-E04,2122,9,3,3,0,90.37,79.35,7.59
1944,2122-TX-E04,2122,10,2,2,0,108.77,111.39,-11.73
8143,2122-TX-E04,2122,11,2,5,0,76.82,70.39,-33.15
1907,2122-TX-E04,2122,12,2,2,0,80.5,84.91,6.61
21590,2122-TX-E04,2122,13,2,2,0,56.69,62.71,-27.67
8600,2122-TX-E04,2122,14,1,1,0,111.44,109.37,38.46
24681,2122-TX-E04,2122,15,1,4,0,121.96,121.34,1.68
19455,2122-TX-E04,2122,16,1,2,0,86.35,68.27,-16.16
10697,2122-TX-E04,2122,17,1,3,0,76.44,64.46,0.19
7113,2122-TX-E04,2122,18,1,3,0,59.88,51.11,-1.35
9338,2122-TX-E04,2122,19,1,4,0,34.35,29.98,-68.56
21750,2122-TX-E04,2122,20,0,5,0,63.51,53.0,-41.7
8078,2122-TX-E04,2122,21,0,2,0,61.77,57.37,-65.65
21337,2122-TX-E04,2122,22,0,2,0,64.17,67.24,-73.8
14579,2223-AU-AUBROS,2223,1,6,0,0,55.63,55.63,50.1
18306,2223-AU-AUBROS,2223,2,4,2,0,53.12,53.12,39.17
19450,2223-AU-AUBROS,2223,3,3,3,0,36.32,36.32,6.37
11322,2223-AU-AUBROS,2223,4,3,3,0,31.03,31.03,15.3
18294,2223-AU-AUBROS,2223,5,3,3,0,13.72,13.72,-18.83
11506,2223-AU-AUBROS,2223,6,2,5,0,-3.5,-3.5,-40.38
11505,2223-AU-AUBROS,2223,7,1,6,0,7.1,7.1,-38.58
14380,2223-AU-AUCAQ,2223,1,5,0,0,76.32,76.32,53.45
12993,2223-AU-AUCAQ,2223,2,4,1,0,55.19,55.19,43.42
11322,2223-AU-AUCAQ,2223,3,4,1,0,41.04,41.04,32.14
13626,2223-AU-AUCAQ,2223,4,4,1,0,29.74,29.74,6.81
17101,2223-AU-AUCAQ,2223,5,4,1,0,45.7,45.7,21.71
16492,2223-AU-AUCAQ,2223,6,4,1,0,30.25,30.25,0.95
14466,2223-AU-AUCAQ,2223,7,4,1,0,35.98,35.98,24.08
13710,2223-AU-AUCAQ,2223,8,4,1,0,19.48,19.48,4.94
15145,2223-AU-AUCAQ,2223,9,3,2,0,37.9,37.9,-5.68
21511,2223-AU-AUCAQ,2223,10,3,2,0,38.1,38.1,10.85
19450,2223-AU-AUCAQ,2223,11,3,2,0,30.38,30.38,19.28
18187,2223-AU-AUCAQ,2223,12,3,2,0,36.72,36.72,-28.19
20667,2223-AU-AUCAQ,2223,13,3,2,0,23.22,23.22,9.21
19221,2223-AU-AUCAQ,2223,14,3,2,0,33.63,33.63,11.04
19480,2223-AU-AUCAQ,2223,15,3,2,0,26.52,26.52,-10.11
14579,2223-AU-AUCAQ,2223,16,3,2,0,25.1,25.1,9.23
19050,2223-AU-AUCAQ,2223,17,3,2,0,24.7,24.7,13.61
18228,2223-AU-AUCAQ,2223,18,2,3,0,26.05,26.05,-10.64
11323,2223-AU-AUCAQ,2223,19,2,3,0,14.4,14.4,-18.93
19637,2223-AU-AUCAQ,2223,20,2,3,0,19.64,19.64,-1.06
12576,2223-AU-AUCAQ,2223,21,2,3,0,10.81,10.81,-23.14
16337,2223-AU-AUCAQ,2223,22,2,3,0,9.2,9.2,-7.36
19636,2223-AU-AUCAQ,2223,23,2,3,0,19.42,19.42,7.05
18500,2223-AU-AUCAQ,2223,24,2,3,0,4.37,4.37,-19.31
19560,2223-AU-AUCAQ,2223,25,1,4,0,23.07,23.07,-2.52
11505,2223-AU-AUCAQ,2223,26,1,4,0,21.65,21.65,-22.01
16637,2223-AU-AUCAQ,2223,27,1,4,0,16.03,16.03,10.05
19451,2223-AU-AUCAQ,2223,28,1,4,0,9.25,9.25,-34.78
21532,2223-AU-AUCAQ,2223,29,1,4,0,8.4,8.4,-9.55
11506,2223-AU-AUCAQ,2223,30,1,4,0,13.68,13.68,-4.86
17556,2223-AU-AUCAQ,2223,31,0,5,0,9.88,9.88,-36.67
18248,2223-AU-AUCAQ,2223,32,0,5,0,6.97,6.97,-43.0
12993,2223-AU-AUCMP,2223,1,6,0,0,137.87,137.87,93.65
14349,2223-AU-AUCMP,2223,2,6,0,0,94.41,94.41,61.56
11148,2223-AU-AUCMP,2223,3,6,0,0,72.34,72.34,36.77
22116,2223-AU-AUCMP,2223,4,5,1,0,64.27,64.27,38.64
18362,2223-AU-AUCMP,2223,5,5,1,0,68.36,68.36,24.78
18003,2223-AU-AUCMP,2223,6,5,1,0,63.02,63.02,40.27
12554,2223-AU-AUCMP,2223,7,5,1,0,68.95,68.95,40.46
15210,2223-AU-AUCMP,2223,8,5,1,0,54.97,54.97,15.8
18363,2223-AU-AUCMP,2223,9,5,1,0,48.84,48.84,29.19
14380,2223-AU-AUCMP,2223,10,4,2,0,84.1,84.1,26.73
11146,2223-AU-AUCMP,2223,11,4,2,0,68.98,68.98,1.7
18306,2223-AU-AUCMP,2223,12,4,2,0,38.57,38.57,-0.98
19450,2223-AU-AUCMP,2223,13,4,2,0,50.81,50.81,18.91
11147,2223-AU-AUCMP,2223,14,3,3,0,63.47,63.47,-5.24
15145,2223-AU-AUCMP,2223,15,3,3,0,53.05,53.05,-0.42
11258,2223-AU-AUCMP,2223,16,3,3,0,63.67,63.67,-9.15
16492,2223-AU-AUCMP,2223,17,3,3,0,58.58,58.58,-4.04
21511,2223-AU-AUCMP,2223,18,3,3,0,60.88,60.88,-14.49
16526,2223-AU-AUCMP,2223,19,3,3,0,43.96,43.96,-14.71
11322,2223-AU-AUCMP,2223,20,3,3,0,34.75,34.75,4.09
15216,2223-AU-AUCMP,2223,21,3,3,0,28.65,28.65,-8.42
17101,2223-AU-AUCMP,2223,22,2,4,0,49.07,49.07,-39.97
19457,2223-AU-AUCMP,2223,23,2,4,0,43.56,43.56,-11.43
13710,2223-AU-AUCMP,2223,24,2,4,0,30.06,30.06,-14.31
19451,2223-AU-AUCMP,2223,25,2,4,0,32.42,32.42,-24.85
16337,2223-AU-AUCMP,2223,26,2,4,0,21.87,21.87,-33.75
21035,2223-AU-AUCMP,2223,27,2,4,0,8.63,8.63,-45.85
18228,2223-AU-AUCMP,2223,28,1,5,0,53.94,53.94,-20.93
14579,2223-AU-AUCMP,2223,29,1,5,0,35.4,35.4,-43.75
18359,2223-AU-AUCMP,2223,30,1,5,0,64.42,64.42,0.33
20667,2223-AU-AUCMP,2223,31,1,5,0,38.19,38.19,-6.85
13626,2223-AU-AUCMP,2223,32,1,5,0,42.26,42.26,-17.29
11323,2223-AU-AUCMP,2223,33,1,5,0,23.65,23.65,-20.32
14339,2223-AU-AUCMP,2223,34,1,5,0,8.16,8.16,-35.43
11145,2223-AU-AUCMP,2223,35,1,5,0,9.98,9.98,-40.32
19480,2223-AU-AUCMP,2223,36,0,6,0,49.72,49.72,-20.39
12993,2223-AU-AUMPOS1,2223,1,6,0,0,191.02,191.02,171.36
22985,2223-AU-AUMPOS1,2223,2,6,0,0,129.58,129.58,75.22
11022,2223-AU-AUMPOS1,2223,3,6,1,0,116.3,116.3,54.41
14349,2223-AU-AUMPOS1,2223,4,5,1,0,125.5,125.5,60.34
3491,2223-AU-AUMPOS1,2223,5,5,1,0,96.29,96.29,30.93
19093,2223-AU-AUMPOS1,2223,6,5,1,0,113.06,113.06,34.69
8644,2223-AU-AUMPOS1,2223,7,4,2,0,144.15,144.15,102.48
5843,2223-AU-AUMPOS1,2223,8,4,2,0,127.13,127.13,49.85
18306,2223-AU-AUMPOS1,2223,9,4,2,0,80.65,80.65,67.1
19030,2223-AU-AUMPOS1,2223,10,4,2,0,67.97,67.97,-0.48
23138,2223-AU-AUMPOS1,2223,11,4,2,0,53.48,53.48,-15.43
22801,2223-AU-AUMPOS1,2223,12,4,2,0,64.74,64.74,-8.55
22846,2223-AU-AUMPOS1,2223,13,4,2,0,39.86,39.86,-19.09
99999,2223-AU-AUMPOS1,2223,14,4,2,0,88.41,88.41,67.78
20870,2223-AU-AUMPOS1,2223,15,3,3,0,123.48,123.48,32.39
17556,2223-AU-AUMPOS1,2223,16,3,3,0,49.3,49.3,-27.7
21511,2223-AU-AUMPOS1,2223,17,3,3,0,29.81,29.81,-43.96
20871,2223-AU-AUMPOS1,2223,18,2,4,0,122.89,122.89,32.16
14277,2223-AU-AUMPOS1,2223,19,2,4,0,61.59,61.59,-41.75
22920,2223-AU-AUMPOS1,2223,20,2,4,0,77.19,77.19,-35.15
18614,2223-AU-AUMPOS1,2223,21,2,4,0,57.97,57.97,-37.73
20890,2223-AU-AUMPOS1,2223,22,2,4,0,85.86,85.86,49.75
22975,2223-AU-AUMPOS1,2223,23,2,5,0,23.49,23.49,-56.37
18024,2223-AU-AUMPOS1,2223,24,2,4,0,13.78,13.78,-73.76
17624,2223-AU-AUMPOS1,2223,25,2,4,0,29.51,29.51,-53.09
99998,2223-AU-AUMPOS1,2223,26,1,5,0,36.68,36.68,-76.54
19013,2223-AU-AUMPOS1,2223,27,1,5,0,55.53,55.53,-22.15
22922,2223-AU-AUMPOS1,2223,28,1,5,0,67.43,67.43,-0.63
13710,2223-AU-AUMPOS1,2223,29,1,5,0,-14.02,-14.02,-99.01
22927,2223-AU-AUMPOS1,2223,30,0,6,0,18.86,18.86,-142.76
19512,2223-AU-AUMPOS1,2223,31,0,6,0,13.54,13.54,-73.99
14349,2223-AU-AUPYQ,2223,1,6,0,0,116.85,116.85,110.16
11146,2223-AU-AUPYQ,2223,2,5,0,0,88.2,88.2,65.31
14339,2223-AU-AUPYQ,2223,3,5,1,0,11.84,11.84,0.87
18362,2223-AU-AUPYQ,2223,4,4,1,0,49.23,49.23,51.76
18359,2223-AU-AUPYQ,2223,5,4,2,0,42.93,42.93,-12.74
19457,2223-AU-AUPYQ,2223,6,4,1,0,16.23,16.23,21.32
12554,2223-AU-AUPYQ,2223,7,3,2,0,38.5,38.5,17.54
18363,2223-AU-AUPYQ,2223,8,3,2,0,34.39,34.39,17.43
19296,2223-AU-AUPYQ,2223,9,3,2,0,4.39,4.39,-16.42
11145,2223-AU-AUPYQ,2223,10,3,2,0,4.08,4.08,-26.54
19584,2223-AU-AUPYQ,2223,11,3,2,0,6.52,6.52,-18.32
11147,2223-AU-AUPYQ,2223,12,2,3,0,28.56,28.56,-34.99
11144,2223-AU-AUPYQ,2223,13,2,3,0,31.94,31.94,-2.53
19341,2223-AU-AUPYQ,2223,14,2,3,0,31.79,31.79,-25.67
11258,2223-AU-AUPYQ,2223,15,2,3,0,30.47,30.47,7.17
18360,2223-AU-AUPYQ,2223,16,2,3,0,4.07,4.07,-13.56
15144,2223-AU-AUPYQ,2223,17,2,3,0,32.55,32.55,5.14
21472,2223-AU-AUPYQ,2223,18,2,3,0,-1.41,-1.41,-23.2
19218,2223-AU-AUPYQ,2223,19,2,3,0,4.71,4.71,-50.08
18306,2223-AU-AUPYQ,2223,20,2,3,0,11.41,11.41,-4.29
21520,2223-AU-AUPYQ,2223,21,1,4,0,-0.66,-0.66,-10.3
11148,2223-AU-AUPYQ,2223,22,1,4,0,28.73,28.73,12.89
16188,2223-AU-AUPYQ,2223,23,1,4,0,10.82,10.82,-16.99
5784,2223-AU-AUPYQ,2223,24,0,5,0,18.05,18.05,-32.28
21657,2223-AU-AUPYQ,2223,25,0,5,0,2.49,2.49,-41.33
12045,2223-MN-MFVLM,2223,1,5,1,0,12.97,12.97,5.87
9536,2223-MN-MFVLM,2223,2,4,0,1,9.6,9.6,5.82
15183,2223-MN-MFVLM,2223,3,3,1,1,11.11,11.11,2.98
10466,2223-MN-MFVLM,2223,4,3,1,1,6.01,6.01,4.72
16981,2223-MN-MFVLM,2223,5,3,2,0,16.05,16.05,6.67
22110,2223-MN-MFVLM,2223,6,2,3,0,6.91,6.91,0.29
10468,2223-MN-MFVLM,2223,7,1,3,1,3.86,3.86,-4.52
19892,2223-MN-MFVLM,2223,8,1,4,0,4.76,4.76,-3.21
16917,2223-MN-MFVLM,2223,9,1,4,0,8.28,8.28,-8.83
11586,2223-MN-MFVLM,2223,10,1,5,0,4.06,4.06,-9.13
5141,2223-OK-OT,2223,1,2,0,0,,,
11572,2223-OK-OT,2223,2,1,1,0,,,
4155,2223-OK-OT,2223,3,1,1,0,,,
7242,2223-OK-OT,2223,4,0,2,0,,,
1320,2223-TX-E01,2223,1,6,0,0,124.48,117.98,62.25
21153,2223-TX-E01,2223,2,6,2,0,130.02,125.39,32.05
19956,2223-TX-E01,2223,3,6,1,0,121.22,117.27,61.25
8762,2223-TX-E01,2223,4,4,1,0,117.6,124.74,84.85
4727,2223-TX-E01,2223,5,4,1,0,87.78,84.78,-1.4
5170,2223-TX-E01,2223,6,4,5,0,100.57,95.61,-18.12
11311,2223-TX-E01,2223,7,3,0,0,133.05,109.87,57.71
19899,2223-TX-E01,2223,8,3,1,0,120.58,109.61,45.01
14186,2223-TX-E01,2223,9,3,0,0,129.77,128.49,74.83
23195,2223-TX-E01,2223,10,3,1,0,101.98,94.26,39.4
5541,2223-TX-E01,2223,11,3,2,0,110.43,100.11,21.35
1220,2223-TX-E01,2223,12,3,2,0,69.22,62.45,4.13
15305,2223-TX-E01,2223,13,3,3,0,76.35,76.63,-14.15
13625,2223-TX-E01,2223,14,3,2,0,112.56,101.04,46.31
3076,2223-TX-E01,2223,15,3,3,0,91.54,85.88,12.63
18593,2223-TX-E01,2223,16,3,3,0,73.37,76.27,-12.08
10264,2223-TX-E01,2223,17,3,6,0,56.25,54.95,-26.55
7312,2223-TX-E01,2223,18,2,0,0,68.9,74.7,18.41
3200,2223-TX-E01,2223,19,2,1,0,99.48,87.89,22.23
21926,2223-TX-E01,2223,20,2,3,0,83.72,81.29,-20.32
18831,2223-TX-E01,2223,21,2,5,0,45.27,41.65,-56.66
11264,2223-TX-E01,2223,22,2,6,0,61.3,67.0,-18.19
8055,2223-TX-E01,2223,23,1,0,0,163.78,140.55,49.87
16684,2223-TX-E01,2223,24,1,2,0,93.34,71.59,23.41
19699,2223-TX-E01,2223,25,1,2,0,83.15,80.93,-10.34
12099,2223-TX-E01,2223,26,1,2,0,66.4,56.93,-14.04
18637,2223-TX-E01,2223,27,1,3,0,71.59,73.86,-22.5
12177,2223-TX-E01,2223,28,1,2,0,97.67,87.51,23.38
17424,2223-TX-E01,2223,29,1,7,0,48.91,48.41,-63.75
21891,2223-TX-E01,2223,30,0,3,0,74.24,74.56,-79.74
10311,2223-TX-E01,2223,31,0,7,0,30.71,18.43,-90.51
9249,2223-TX-E01,2223,32,0,4,0,35.0,32.36,-47.65
10296,2223-TX-E02,2223,1,5,3,0,114.15,115.37,42.06
22439,2223-TX-E02,2223,2,4,1,0,112.1,105.26,37.6
20823,2223-TX-E02,2223,3,4,0,0,123.43,120.07,1.93
5865,2223-TX-E02,2223,4,4,0,0,135.96,125.09,84.2
8624,2223-TX-E02,2223,5,4,0,0,45.32,47.15,-20.16
19595,2223-TX-E02,2223,6,3,2,0,92.68,86.54,4.86
14549,2223-TX-E02,2223,7,2,4,0,112.28,110.6,23.97
9214,2223-TX-E02,2223,8,2,2,0,78.04,75.82,4.24
19436,2223-TX-E02,2223,9,2,1,0,129.14,129.69,49.37
2151,2223-TX-E02,2223,10,1,4,0,49.07,49.0,-30.56
11460,2223-TX-E02,2223,11,1,5,0,52.27,50.39,-51.05
20560,2223-TX-E02,2223,12,0,4,0,57.97,52.52,-62.25
3136,2223-TX-E02,2223,13,0,6,0,41.0,39.4,-68.91
16428,2223-TX-E03,2223,1,5,2,0,129.37,128.99,34.92
18478,2223-TX-E03,2223,2,5,2,0,98.53,100.81,-1.19
17254,2223-TX-E03,2223,3,5,1,0,118.8,118.71,62.01
24173,2223-TX-E03,2223,4,5,1,0,80.07,74.52,18.39
2764,2223-TX-E03,2223,5,4,2,0,155.28,146.08,20.59
13276,2223-TX-E03,2223,6,4,3,0,111.22,100.17,35.84
7922,2223-TX-E03,2223,7,4,2,0,132.6,126.1,41.61
19847,2223-TX-E03,2223,8,4,3,0,87.67,78.94,10.08
1982,2223-TX-E03,2223,9,4,2,0,76.36,69.82,-10.83
17994,2223-TX-E03,2223,10,4,2,0,78.97,81.95,15.08
2855,2223-TX-E03,2223,11,3,2,0,149.74,153.22,10.94
18224,2223-TX-E03,2223,12,3,0,0,103.64,98.28,11.68
13873,2223-TX-E03,2223,13,3,1,0,148.78,139.34,22.69
5463,2223-TX-E03,2223,14,3,4,0,76.22,72.33,-4.45
6602,2223-TX-E03,2223,15,3,1,0,73.7,65.71,25.34
24560,2223-TX-E03,2223,16,3,1,0,97.34,97.02,41.85
6988,2223-TX-E03,2223,17,3,2,0,67.46,62.24,-40.27
19870,2223-TX-E03,2223,18,2,5,0,132.25,114.61,54.48
16119,2223-TX-E03,2223,19,2,3,0,103.44,106.47,-17.87
24853,2223-TX-E03,2223,20,2,0,0,76.64,77.23,37.64
12821,2223-TX-E03,2223,21,2,4,0,101.81,103.22,-10.3
20589,2223-TX-E03,2223,22,2,6,0,40.23,43.35,-52.73
22212,2223-TX-E03,2223,23,2,2,0,46.59,44.13,-48.19
5082,2223-TX-E03,2223,24,2,3,0,31.01,23.55,-37.55
17554,2223-TX-E03,2223,25,1,0,0,144.78,148.67,9.45
23173,2223-TX-E03,2223,26,1,2,0,107.1,98.08,13.56
13666,2223-TX-E03,2223,27,1,2,0,92.58,95.25,-22.18
16061,2223-TX-E03,2223,28,1,4,0,69.72,68.12,-12.29
2481,2223-TX-E03,2223,29,1,3,0,96.08,82.7,0.86
11470,2223-TX-E03,2223,30,1,1,0,103.58,98.68,35.03
12579,2223-TX-E03,2223,31,1,5,0,38.41,30.58,-57.19
11408,2223-TX-E03,2223,32,0,3,0,133.85,125.81,-35.06
14257,2223-TX-E03,2223,33,0,2,0,79.75,92.39,-62.98
18194,2223-TX-E03,2223,34,0,4,0,81.45,77.83,-22.18
20412,2223-TX-E03,2223,35,0,6,0,29.3,26.83,-81.86
11675,2223-TX-E04,2223,1,7,0,0,138.69,137.53,68.91
18157,2223-TX-E04,2223,2,6,1,0,138.24,131.77,68.84
13880,2223-TX-E04,2223,3,5,0,0,148.47,149.83,87.96
5983,2223-TX-E04,2223,4,5,0,0,128.27,130.03,79.04
15970,2223-TX-E04,2223,5,5,4,0,94.79,86.91,-30.9
9141,2223-TX-E04,2223,6,4,1,0,145.1,138.41,70.0
19305,2223-TX-E04,2223,7,4,1,0,124.96,126.15,61.6
21332,2223-TX-E04,2223,8,4,2,0,97.33,90.61,-15.93
22032,2223-TX-E04,2223,9,4,3,0,84.42,79.39,0.22
10709,2223-TX-E04,2223,10,3,2,0,130.26,126.4,24.79
20780,2223-TX-E04,2223,11,3,2,0,91.34,91.4,-46.58
2882,2223-TX-E04,2223,12,3,5,0,120.28,112.23,-14.05
13597,2223-TX-E04,2223,13,3,0,0,77.06,77.85,-27.68
23484,2223-TX-E04,2223,14,2,2,0,130.33,123.97,43.48
1410,2223-TX-E04,2223,15,2,3,0,105.15,95.53,-11.67
3175,2223-TX-E04,2223,16,2,0,0,119.93,91.29,136.57
15409,2223-TX-E04,2223,17,2,2,0,72.97,61.21,35.63
15117,2223-TX-E04,2223,18,2,4,0,94.95,83.41,-23.49
19111,2223-TX-E04,2223,19,2,4,0,59.33,58.63,-72.67
7495,2223-TX-E04,2223,20,1,0,0,134.72,112.77,44.05
4595,2223-TX-E04,2223,21,1,2,0,107.53,108.87,6.75
21481,2223-TX-E04,2223,22,1,4,0,89.76,87.33,-20.37
18751,2223-TX-E04,2223,23,1,2,0,104.17,103.5,-15.02
4741,2223-TX-E04,2223,24,1,5,0,72.9,61.61,-9.33
3326,2223-TX-E04,2223,25,1,8,0,65.82,63.8,-57.47
5127,2223-TX-E04,2223,26,1,3,0,60.41,60.3,-59.73
21826,2223-TX-E04,2223,27,1,3,0,36.62,33.73,-28.2
21129,2223-TX-E04,2223,28,0,4,0,77.04,75.06,-53.4
18328,2223-TX-E04,2223,29,0,2,0,108.1,93.45,21.85
15591,2223-TX-E04,2223,30,0,7,0,39.52,41.87,-79.65
22116,2324-AU-AUADOS,2324,1,4,1,0,51.07,51.07,12.5
14380,2324-AU-AUADOS,2324,2,4,1,0,34.66,34.66,5.83
15215,2324-AU-AUADOS,2324,3,3,2,0,59.08,59.08,16.5
22407,2324-AU-AUADOS,2324,4,3,2,0,55.91,55.91,7.83
15210,2324-AU-AUADOS,2324,5,2,3,0,40.24,40.24,-6.83
24736,2324-AU-AUADOS,2324,6,2,3,0,29.83,29.83,-3.5
19377,2324-AU-AUADOS,2324,7,1,4,0,26.99,26.99,-9.83
11505,2324-AU-AUADOS,2324,8,1,4,0,20.82,20.82,-22.5
18003,2324-AU-AUADQ,2324,1,5,1,0,38.99,38.99,27.71
22116,2324-AU-AUADQ,2324,2,4,2,0,56.09,56.09,45.5
24736,2324-AU-AUADQ,2324,3,4,3,0,22.25,22.25,0.91
22407,2324-AU-AUADQ,2324,4,4,2,0,15.62,15.62,-6.79
23686,2324-AU-AUADQ,2324,5,4,2,0,16.73,16.73,-1.93
21531,2324-AU-AUADQ,2324,6,3,3,0,27.73,27.73,1.78
19377,2324-AU-AUADQ,2324,7,3,3,0,24.54,24.54,10.65
15210,2324-AU-AUADQ,2324,8,3,3,0,17.36,17.36,-3.97
15215,2324-AU-AUADQ,2324,9,2,4,0,15.57,15.57,-11.46
15216,2324-AU-AUADQ,2324,10,1,5,0,6.4,6.4,-30.34
18611,2324-AU-AUADQ,2324,11,1,6,0,-1.27,-1.27,-27.59
14380,2324-AU-AUBRQ,2324,1,6,0,0,95.47,95.47,82.05
17556,2324-AU-AUBRQ,2324,2,6,1,0,57.41,57.41,43.0
11325,2324-AU-AUBRQ,2324,3,6,0,0,35.77,35.77,30.62
19480,2324-AU-AUBRQ,2324,4,4,2,0,29.16,29.16,7.5
19450,2324-AU-AUBRQ,2324,5,4,2,0,29.75,29.75,15.75
21511,2324-AU-AUBRQ,2324,6,4,2,0,34.39,34.39,1.83
11322,2324-AU-AUBRQ,2324,7,4,2,0,21.16,21.16,-5.16
11324,2324-AU-AUBRQ,2324,8,4,2,0,19.82,19.82,2.85
14579,2324-AU-AUBRQ,2324,9,4,2,0,14.04,14.04,-5.42
13710,2324-AU-AUBRQ,2324,10,4,2,0,10.22,10.22,3.45
18439,2324-AU-AUBRQ,2324,11,4,2,0,14.21,14.21,16.38
23065,2324-AU-AUBRQ,2324,12,4,2,0,10.62,10.62,16.52
14466,2324-AU-AUBRQ,2324,13,3,3,0,28.25,28.25,-3.34
11505,2324-AU-AUBRQ,2324,14,3,3,0,26.33,26.33,-14.91
16337,2324-AU-AUBRQ,2324,15,3,3,0,12.38,12.38,-10.45
24528,2324-AU-AUBRQ,2324,16,3,3,0,14.88,14.88,7.09
11506,2324-AU-AUBRQ,2324,17,3,3,0,2.88,2.88,-21.51
17101,2324-AU-AUBRQ,2324,18,3,3,0,21.07,21.07,-14.36
23335,2324-AU-AUBRQ,2324,19,3,3,0,16.79,16.79,11.42
16637,2324-AU-AUBRQ,2324,20,3,3,0,10.01,10.01,-10.12
19451,2324-AU-AUBRQ,2324,21,3,3,0,19.95,19.95,14.18
15145,2324-AU-AUBRQ,2324,22,2,4,0,30.61,30.61,1.68
11326,2324-AU-AUBRQ,2324,23,2,4,0,25.18,25.18,-16.59
19560,2324-AU-AUBRQ,2324,24,2,4,0,17.49,17.49,-32.9
13626,2324-AU-AUBRQ,2324,25,2,4,0,26.02,26.02,-4.94
23332,2324-AU-AUBRQ,2324,26,2,4,0,14.02,14.02,-5.73
19636,2324-AU-AUBRQ,2324,27,2,4,0,16.19,16.19,4.58
11323,2324-AU-AUBRQ,2324,28,2,5,0,19.89,19.89,-33.63
12993,2324-AU-AUBRQ,2324,29,2,4,0,20.44,20.44,7.96
23454,2324-AU-AUBRQ,2324,30,2,4,0,21.77,21.77,-9.01
24089,2324-AU-AUBRQ,2324,31,2,4,0,8.43,8.43,-13.21
14340,2324-AU-AUBRQ,2324,32,2,4,0,2.22,2.22,-18.34
23334,2324-AU-AUBRQ,2324,33,1,5,0,16.13,16.13,-0.58
16492,2324-AU-AUBRQ,2324,34,1,5,0,15.49,15.49,-24.55
23173,2324-AU-AUBRQ,2324,35,1,5,0,4.71,4.71,-23.67
11148,2324-AU-AUCMP,2324,1,5,0,0,110.66,110.66,59.35
14380,2324-AU-AUCMP,2324,2,4,0,1,113.67,113.67,115.84
23331,2324-AU-AUCMP,2324,3,4,1,0,83.04,83.04,37.74
22116,2324-AU-AUCMP,2324,4,4,1,0,81.05,81.05,56.2
11505,2324-AU-AUCMP,2324,5,4,1,0,75.85,75.85,0.47
11145,2324-AU-AUCMP,2324,6,4,1,0,18.79,18.79,9.44
21511,2324-AU-AUCMP,2324,7,4,1,0,55.42,55.42,47.06
19480,2324-AU-AUCMP,2324,8,4,1,0,38.96,38.96,28.15
18362,2324-AU-AUCMP,2324,9,3,1,1,106.58,106.58,37.22
18228,2324-AU-AUCMP,2324,10,3,3,0,82.21,82.21,30.94
18306,2324-AU-AUCMP,2324,11,3,2,0,72.08,72.08,17.92
23369,2324-AU-AUCMP,2324,12,3,2,0,85.69,85.69,55.51
15145,2324-AU-AUCMP,2324,13,3,2,0,78.15,78.15,24.63
11143,2324-AU-AUCMP,2324,14,3,2,0,97.58,97.58,57.08
17556,2324-AU-AUCMP,2324,15,3,2,0,66.29,66.29,1.0
12554,2324-AU-AUCMP,2324,16,3,2,0,53.89,53.89,-15.73
18363,2324-AU-AUCMP,2324,17,3,2,0,20.81,20.81,-42.37
14579,2324-AU-AUCMP,2324,18,3,2,0,59.03,59.03,50.02
11322,2324-AU-AUCMP,2324,19,3,2,0,41.69,41.69,21.08
15144,2324-AU-AUCMP,2324,20,3,2,0,22.17,22.17,13.01
21035,2324-AU-AUCMP,2324,21,3,2,0,34.23,34.23,-22.16
19450,2324-AU-AUCMP,2324,22,2,2,1,71.64,71.64,-0.23
11146,2324-AU-AUCMP,2324,23,2,2,1,53.22,53.22,9.15
22407,2324-AU-AUCMP,2324,24,2,2,1,24.06,24.06,-15.14
23636,2324-AU-AUCMP,2324,25,2,2,1,66.93,66.93,49.16
12993,2324-AU-AUCMP,2324,26,2,3,0,110.96,110.96,-8.4
18360,2324-AU-AUCMP,2324,27,2,3,0,68.82,68.82,20.7
19341,2324-AU-AUCMP,2324,28,2,3,0,63.57,63.57,-10.9
17101,2324-AU-AUCMP,2324,29,1,2,2,31.51,31.51,-31.69
24963,2324-AU-AUCMP,2324,30,2,3,0,28.35,28.35,-22.64
19218,2324-AU-AUCMP,2324,31,2,3,0,58.14,58.14,-64.72
11323,2324-AU-AUCMP,2324,32,2,4,0,29.28,29.28,-50.66
15215,2324-AU-AUCMP,2324,33,2,3,0,19.08,19.08,-83.66
13710,2324-AU-AUCMP,2324,34,1,4,0,58.36,58.36,-1.22
19296,2324-AU-AUCMP,2324,35,1,4,0,11.1,11.1,-39.95
19377,2324-AU-AUCMP,2324,36,1,4,0,24.72,24.72,-31.57
23875,2324-AU-AUCMP,2324,37,1,4,0,13.82,13.82,-39.88
18439,2324-AU-AUCMP,2324,38,1,4,0,19.13,19.13,-9.66
18611,2324-AU-AUCMP,2324,39,1,4,0,18.61,18.61,-23.44
23335,2324-AU-AUCMP,2324,40,1,4,0,-1.37,-1.37,-62.72
16188,2324-AU-AUCMP,2324,41,0,5,0,-2.82,-2.82,-72.45
18359,2324-AU-AUCMP,2324,42,0,5,0,-2.83,-2.83,-88.5
12993,2324-AU-AUMPOS,2324,1,10,0,0,185.97,185.97,132.14
24697,2324-AU-AUMPOS,2324,2,8,2,0,166.13,166.13,99.49
11511,2324-AU-AUMPOS,2324,3,8,2,0,151.28,151.28,96.05
25100,2324-AU-AUMPOS,2324,4,7,3,0,154.22,154.22,75.61
17556,2324-AU-AUMPOS,2324,5,7,3,0,111.71,111.71,36.13
19013,2324-AU-AUMPOS,2324,6,6,4,0,130.79,130.79,42.11
22985,2324-AU-AUMPOS,2324,7,6,4,0,103.55,103.55,13.83
19745,2324-AU-AUMPOS,2324,8,6,4,0,122.79,122.79,46.85
20914,2324-AU-AUMPOS,2324,9,6,5,0,102.98,102.98,20.47
23732,2324-AU-AUMPOS,2324,10,6,4,0,85.27,85.27,15.52
23400,2324-AU-AUMPOS,2324,11,6,4,0,75.75,75.75,-15.05
21612,2324-AU-AUMPOS,2324,12,6,4,0,54.24,54.24,-11.72
20890,2324-AU-AUMPOS,2324,13,5,5,0,72.02,72.02,8.12
23331,2324-AU-AUMPOS,2324,14,5,6,0,85.15,85.15,25.14
22927,2324-AU-AUMPOS,2324,15,5,5,0,50.05,50.05,-28.48
18362,2324-AU-AUMPOS,2324,16,3,7,0,57.27,57.27,-22.17
23369,2324-AU-AUMPOS,2324,17,3,7,0,46.88,46.88,-32.94
21803,2324-AU-AUMPOS,2324,18,3,7,0,31.35,31.35,-83.37
23070,2324-AU-AUMPOS,2324,19,2,8,0,51.58,51.58,-77.89
23335,2324-AU-AUMPOS,2324,20,2,8,0,26.41,26.41,-83.96
19343,2324-AU-AUMPOS,2324,21,2,8,0,23.48,23.48,-104.76
25290,2324-AU-AUMPOS,2324,22,2,8,0,29.96,29.96,-92.4
23332,2324-AU-AUMPOS,2324,23,2,8,0,20.68,20.68,-63.28
18003,2324-AUS-ADQ,2324,1,5,1,0,38.99,38.99,27.71
22116,2324-AUS-ADQ,2324,2,4,2,0,56.09,56.09,45.5
24736,2324-AUS-ADQ,2324,3,4,3,0,22.25,22.25,0.91
22407,2324-AUS-ADQ,2324,4,4,2,0,15.62,15.62,-6.79
23686,2324-AUS-ADQ,2324,5,4,2,0,16.73,16.73,-1.93
21531,2324-AUS-ADQ,2324,6,3,3,0,27.73,27.73,1.78
19377,2324-AUS-ADQ,2324,7,3,3,0,24.54,24.54,10.65
15210,2324-AUS-ADQ,2324,8,3,3,0,17.36,17.36,-3.97
15215,2324-AUS-ADQ,2324,9,2,4,0,15.57,15.57,-11.46
15216,2324-AUS-ADQ,2324,10,1,5,0,6.4,6.4,-30.34
18611,2324-AUS-ADQ,2324,11,1,6,0,-1.27,-1.27,-27.59
14380,2324-AUS-BRQ,2324,1,2,0,0,109.19,109.19,112.05
24528,2324-AUS-BRQ,2324,2,2,0,0,10.81,10.81,-7.05
17556,2324-AUS-BRQ,2324,3,2,1,0,66.19,66.19,64.05
21511,2324-AUS-BRQ,2324,4,2,0,0,63.19,63.19,65.05
11325,2324-AUS-BRQ,2324,5,2,0,0,30.67,30.67,11.67
14579,2324-AUS-BRQ,2324,6,2,0,0,20.33,20.33,-8.67
23065,2324-AUS-BRQ,2324,7,2,0,0,23.67,23.67,13.67
17101,2324-AUS-BRQ,2324,8,2,0,0,20.33,20.33,20.33
11326,2324-AUS-BRQ,2324,9,1,0,0,24.81,24.81,-13.05
19480,2324-AUS-BRQ,2324,10,1,1,0,19.81,19.81,-58.05
19636,2324-AUS-BRQ,2324,11,1,1,0,72.38,72.38,102.38
19560,2324-AUS-BRQ,2324,12,1,0,0,25.33,25.33,-2.67
16637,2324-AUS-BRQ,2324,13,1,1,0,14.81,14.81,-63.05
19451,2324-AUS-BRQ,2324,14,1,1,0,32.4,32.4,-34.16
11505,2324-AUS-BRQ,2324,15,1,1,0,-16.74,-16.74,-89.02
11324,2324-AUS-BRQ,2324,16,1,1,0,30.95,30.95,76.81
23335,2324-AUS-BRQ,2324,17,1,1,0,61.1,61.1,89.66
11506,2324-AUS-BRQ,2324,18,1,1,0,4.81,4.81,-46.05
13710,2324-AUS-BRQ,2324,19,1,1,0,10.19,10.19,38.05
13626,2324-AUS-BRQ,2324,20,1,1,0,24.81,24.81,-55.05
12993,2324-AUS-BRQ,2324,21,1,1,0,13.19,13.19,59.05
18439,2324-AUS-BRQ,2324,22,1,0,0,11.67,11.67,-16.33
11323,2324-AUS-BRQ,2324,23,1,2,0,28.81,28.81,-35.05
11322,2324-AUS-BRQ,2324,24,1,1,0,37.19,37.19,29.05
23173,2324-AUS-BRQ,2324,25,1,1,0,-17.45,-17.45,-66.31
14340,2324-AUS-BRQ,2324,26,1,1,0,-27.19,-27.19,-63.05
14466,2324-AUS-BRQ,2324,27,0,1,0,8.81,8.81,-118.05
15145,2324-AUS-BRQ,2324,28,0,2,0,-0.02,-0.02,-100.73
19450,2324-AUS-BRQ,2324,29,0,2,0,50.67,50.67,88.09
16492,2324-AUS-BRQ,2324,30,0,2,0,-1.31,-1.31,-102.45
23454,2324-AUS-BRQ,2324,31,0,2,0,27.12,27.12,-27.88
23334,2324-AUS-BRQ,2324,32,0,2,0,14.83,14.83,-19.59
23332,2324-AUS-BRQ,2324,33,0,2,0,15.52,15.52,19.23
16337,2324-AUS-BRQ,2324,34,0,2,0,5.24,5.24,28.52
24089,2324-AUS-BRQ,2324,35,0,2,0,8.19,8.19,19.05
19341,2324-AUS-SYQ,2324,1,5,0,0,29.01,29.01,21.47
11146,2324-AUS-SYQ,2324,2,5,0,0,37.83,37.83,31.84
19218,2324-AUS-SYQ,2324,3,4,1,0,75.75,75.75,52.5
23636,2324-AUS-SYQ,2324,4,4,1,0,71.72,71.72,51.26
15144,2324-AUS-SYQ,2324,5,4,1,0,46.78,46.78,18.82
23331,2324-AUS-SYQ,2324,6,3,2,0,48.08,48.08,27.68
19296,2324-AUS-SYQ,2324,7,3,2,0,41.3,41.3,-5.9
18363,2324-AUS-SYQ,2324,8,3,2,0,19.49,19.49,22.35
11145,2324-AUS-SYQ,2324,9,3,2,0,23.52,23.52,-27.21
24963,2324-AUS-SYQ,2324,10,3,2,0,0.39,0.39,-0.58
18362,2324-AUS-SYQ,2324,11,2,3,0,27.95,27.95,-8.89
11148,2324-AUS-SYQ,2324,12,2,3,0,45.41,45.41,-4.55
12554,2324-AUS-SYQ,2324,13,2,3,0,44.36,44.36,-4.06
21035,2324-AUS-SYQ,2324,14,2,3,0,13.27,13.27,-22.44
18359,2324-AUS-SYQ,2324,15,2,3,0,29.33,29.33,17.76
18360,2324-AUS-SYQ,2324,16,2,3,0,18.23,18.23,-13.31
19584,2324-AUS-SYQ,2324,17,2,3,0,7.07,7.07,-21.28
23875,2324-AUS-SYQ,2324,18,1,3,0,32.59,32.59,-34.96
21472,2324-AUS-SYQ,2324,19,1,4,0,32.77,32.77,-30.45
11147,2324-AUS-SYQ,2324,20,1,3,0,22.81,22.81,-3.22
14339,2324-AUS-SYQ,2324,21,1,4,0,10.37,10.37,-36.82
21657,2324-AUS-SYQ,2324,22,1,4,0,14.29,14.29,-5.69
19457,2324-AUS-SYQ,2324,23,1,3,0,1.77,1.77,-17.24
23300,2324-AUS-SYQ,2324,24,1,3,0,-15.08,-15.08,-22.69
23331,2324-AUS-WOQ,2324,1,6,0,0,69.35,69.35,71.11
12554,2324-AUS-WOQ,2324,2,5,0,0,34.44,34.44,28.2
23636,2324-AUS-WOQ,2324,3,4,1,0,29.13,29.13,13.12
18360,2324-AUS-WOQ,2324,4,4,2,0,28.3,28.3,13.04
23369,2324-AUS-WOQ,2324,5,4,1,0,14.19,14.19,-1.97
16188,2324-AUS-WOQ,2324,6,4,1,0,11.78,11.78,5.6
11143,2324-AUS-WOQ,2324,7,3,2,0,33.63,33.63,26.93
18306,2324-AUS-WOQ,2324,8,3,2,0,9.43,9.43,-12.6
18363,2324-AUS-WOQ,2324,9,2,3,0,19.89,19.89,-1.1
24404,2324-AUS-WOQ,2324,10,2,3,0,16.73,16.73,-6.12
24669,2324-AUS-WOQ,2324,11,2,3,0,5.71,5.71,-14.77
24405,2324-AUS-WOQ,2324,12,2,3,0,7.21,7.21,-9.85
24615,2324-AUS-WOQ,2324,13,1,4,0,23.25,23.25,-11.03
24766,2324-AUS-WOQ,2324,14,1,4,0,12.33,12.33,-4.88
18359,2324-AUS-WOQ,2324,15,1,4,0,3.24,3.24,-49.43
24961,2324-AUS-WOQ,2324,16,1,4,0,3.23,3.23,-31.95
18362,2324-AUS-WOQ,2324,17,1,4,0,-1.0,-1.0,-29.42
23875,2324-AUS-WOQ,2324,18,0,5,0,3.04,3.04,-1.72
22708,2324-BRA-CMP,2324,1,4,0,0,88.5,88.5,-10.73
24529,2324-BRA-CMP,2324,2,4,0,0,96.3,96.3,91.93
23311,2324-BRA-CMP,2324,3,4,0,0,41.78,41.78,46.81
17728,2324-BRA-CMP,2324,4,3,0,0,104.15,104.15,97.89
23060,2324-BRA-CMP,2324,5,3,0,0,57.08,57.08,20.97
22660,2324-BRA-CMP,2324,6,3,0,0,37.96,37.96,67.95
17731,2324-BRA-CMP,2324,7,3,0,0,53.48,53.48,29.85
17792,2324-BRA-CMP,2324,8,3,1,0,59.86,59.86,51.17
17742,2324-BRA-CMP,2324,9,3,1,0,30.19,30.19,25.44
16052,2324-BRA-CMP,2324,10,3,1,0,8.69,8.69,-20.18
23061,2324-BRA-CMP,2324,11,3,0,0,58.08,58.08,7.53
23059,2324-BRA-CMP,2324,12,3,0,0,-0.89,-0.89,-14.89
19188,2324-BRA-CMP,2324,13,3,0,0,12.69,12.69,12.2
16054,2324-BRA-CMP,2324,14,2,1,1,73.75,73.75,23.41
21083,2324-BRA-CMP,2324,15,2,1,1,80.71,80.71,12.13
16055,2324-BRA-CMP,2324,16,2,1,0,101.26,101.26,64.73
16786,2324-BRA-CMP,2324,17,2,1,0,73.27,73.27,23.11
21077,2324-BRA-CMP,2324,18,2,1,0,90.9,90.9,9.44
21036,2324-BRA-CMP,2324,19,2,2,0,114.76,114.76,33.94
14391,2324-BRA-CMP,2324,20,2,1,0,67.9,67.9,24.61
21222,2324-BRA-CMP,2324,21,2,1,0,93.44,93.44,50.25
23560,2324-BRA-CMP,2324,22,2,1,0,1.56,1.56,47.6
16053,2324-BRA-CMP,2324,23,2,1,0,64.81,64.81,67.72
23504,2324-BRA-CMP,2324,24,2,1,0,24.26,24.26,19.34
23500,2324-BRA-CMP,2324,25,2,0,0,44.84,44.84,57.73
16051,2324-BRA-CMP,2324,26,2,1,0,28.89,28.89,-21.03
19191,2324-BRA-CMP,2324,27,1,2,1,67.85,67.85,-11.92
16058,2324-BRA-CMP,2324,28,1,2,1,64.6,64.6,1.36
23072,2324-BRA-CMP,2324,29,1,2,1,47.91,47.91,-32.25
22977,2324-BRA-CMP,2324,30,1,2,1,18.76,18.76,6.76
23073,2324-BRA-CMP,2324,31,1,2,1,-26.27,-26.27,-19.85
18613,2324-BRA-CMP,2324,32,1,2,1,3.24,3.24,-45.96
19193,2324-BRA-CMP,2324,33,1,2,0,6.79,6.79,-13.84
16041,2324-BRA-CMP,2324,34,1,2,0,36.03,36.03,12.77
24527,2324-BRA-CMP,2324,35,1,2,0,21.41,21.41,-63.15
17729,2324-BRA-CMP,2324,36,1,2,0,27.24,27.24,-4.82
23069,2324-BRA-CMP,2324,37,1,2,0,43.21,43.21,7.68
23055,2324-BRA-CMP,2324,38,1,2,0,35.8,35.8,-27.58
23502,2324-BRA-CMP,2324,39,1,2,0,25.09,25.09,-62.33
17800,2324-BRA-CMP,2324,40,1,2,0,37.58,37.58,6.39
24993,2324-BRA-CMP,2324,41,1,2,0,29.86,29.86,-14.09
25135,2324-BRA-CMP,2324,42,1,2,0,39.0,39.0,18.91
21342,2324-BRA-CMP,2324,43,1,2,0,9.18,9.18,-36.64
20858,2324-BRA-CMP,2324,44,1,2,0,28.6,28.6,-28.78
16049,2324-BRA-CMP,2324,45,1,2,0,48.15,48.15,-4.44
16043,2324-BRA-CMP,2324,46,1,3,0,18.43,18.43,-20.42
21069,2324-BRA-CMP,2324,47,0,4,0,17.06,17.06,-77.99
21178,2324-BRA-CMP,2324,48,0,3,0,65.02,65.02,9.95
21085,2324-BRA-CMP,2324,49,0,3,0,28.36,28.36,4.3
23501,2324-BRA-CMP,2324,50,0,2,0,-13.38,-13.38,-76.51
19194,2324-BRA-CMP,2324,51,0,3,0,-13.2,-13.2,-41.63
19192,2324-BRA-CMP,2324,52,0,4,0,17.54,17.54,-32.21
17730,2324-BRA-CMP,2324,53,0,3,0,-9.43,-9.43,-24.09
17801,2324-BRA-CMP,2324,54,0,3,0,-34.15,-34.15,-134.04
16050,2324-BRA-CMP,2324,55,0,3,0,-20.24,-20.24,-63.95
16062,2324-BRA-CMP,2324,56,0,3,0,32.0,32.0,-63.92
22406,2324-TX-E01,2324,1,6,0,0,146.22,143.02,119.4
9266,2324-TX-E01,2324,2,5,0,0,133.32,136.95,84.34
20886,2324-TX-E01,2324,3,5,2,0,115.47,112.56,41.08
20493,2324-TX-E01,2324,4,5,4,0,97.43,93.99,12.39
21741,2324-TX-E01,2324,5,4,1,0,134.47,128.78,108.38
4541,2324-TX-E01,2324,6,4,0,0,129.64,130.3,90.66
18816,2324-TX-E01,2324,7,4,5,0,24.13,24.71,-63.61
17470,2324-TX-E01,2324,8,3,2,0,113.81,112.29,-10.76
9859,2324-TX-E01,2324,9,3,3,0,89.55,86.01,2.01
14122,2324-TX-E01,2324,10,2,0,0,140.57,123.32,43.95
22083,2324-TX-E01,2324,11,2,1,0,122.99,113.43,-30.49
10302,2324-TX-E01,2324,12,2,1,0,131.94,124.29,79.12
6129,2324-TX-E01,2324,13,2,3,0,74.64,72.35,-25.3
8381,2324-TX-E01,2324,14,2,4,0,84.49,77.73,20.74
17265,2324-TX-E01,2324,15,2,2,0,82.32,75.73,-2.66
5692,2324-TX-E01,2324,16,2,1,0,62.65,66.02,27.15
7238,2324-TX-E01,2324,17,2,4,0,56.73,51.71,-33.07
8883,2324-TX-E01,2324,18,2,2,0,25.58,24.96,-76.53
8479,2324-TX-E01,2324,19,1,3,0,61.42,62.32,-25.8
15101,2324-TX-E01,2324,20,1,1,0,58.86,61.27,0.7
18439,2324-TX-E01,2324,21,1,1,0,60.96,59.09,41.09
5040,2324-TX-E01,2324,22,1,4,0,44.81,32.36,-63.15
6930,2324-TX-E01,2324,23,1,7,0,20.65,22.83,-85.56
16759,2324-TX-E01,2324,24,0,5,0,54.86,53.47,-69.78
22443,2324-TX-E01,2324,25,0,6,0,50.76,45.1,-42.78
14804,2324-TX-E02,2324,1,6,0,0,132.79,127.97,60.28
18968,2324-TX-E02,2324,2,5,1,0,125.98,123.28,40.34
6590,2324-TX-E02,2324,3,5,2,0,129.99,127.65,67.25
20292,2324-TX-E02,2324,4,4,1,0,101.85,99.96,11.74
16202,2324-TX-E02,2324,5,4,2,0,108.45,105.67,56.46
17330,2324-TX-E02,2324,6,3,1,0,125.75,126.53,36.23
12961,2324-TX-E02,2324,7,3,0,0,117.31,109.71,80.11
5252,2324-TX-E02,2324,8,3,1,0,88.43,81.58,30.28
15579,2324-TX-E02,2324,9,3,1,0,96.71,99.43,44.69
1634,2324-TX-E02,2324,10,3,1,0,132.6,123.99,64.42
5233,2324-TX-E02,2324,11,3,3,0,92.07,88.14,19.29
11889,2324-TX-E02,2324,12,3,3,0,89.04,89.13,30.71
7359,2324-TX-E02,2324,13,3,7,0,71.87,66.78,-34.46
17073,2324-TX-E02,2324,14,3,3,0,30.78,30.86,-45.4
5745,2324-TX-E02,2324,15,2,2,0,128.39,121.69,44.39
6382,2324-TX-E02,2324,16,2,3,0,115.45,109.69,8.11
15317,2324-TX-E02,2324,17,2,5,0,63.81,62.47,-57.33
21877,2324-TX-E02,2324,18,2,2,0,88.26,79.43,4.86
8925,2324-TX-E02,2324,19,2,3,0,48.45,47.44,-77.29
6975,2324-TX-E02,2324,20,1,2,0,66.56,62.69,-38.89
6316,2324-TX-E02,2324,21,1,3,0,62.82,63.77,-15.99
9843,2324-TX-E02,2324,22,1,4,0,7.02,10.43,-132.3
21788,2324-TX-E02,2324,23,0,1,0,84.13,89.22,-22.54
11144,2324-TX-E02,2324,24,0,7,0,47.11,48.75,-63.13
6847,2324-TX-E02,2324,25,0,2,0,38.84,41.76,-52.82
24605,2324-TX-E02,2324,26,0,4,0,41.77,38.14,-33.85
3170,2324-TX-E03,2324,1,7,2,0,146.66,142.38,65.07
2539,2324-TX-E03,2324,2,5,1,0,116.78,115.22,47.09
22125,2324-TX-E03,2324,3,5,4,0,107.89,98.33,13.07
13159,2324-TX-E03,2324,4,3,1,0,117.14,123.15,-14.32
23567,2324-TX-E03,2324,5,3,2,0,122.48,121.45,50.98
1189,2324-TX-E03,2324,6,2,2,0,146.19,142.27,-13.89
11579,2324-TX-E03,2324,7,2,1,0,123.73,103.07,47.38
19074,2324-TX-E03,2324,8,2,2,0,98.6,100.53,-22.74
21946,2324-TX-E03,2324,9,2,5,0,63.46,61.2,-72.39
11016,2324-TX-E03,2324,10,1,1,0,85.54,82.83,12.76
18255,2324-TX-E03,2324,11,1,4,0,122.29,110.4,37.12
20245,2324-TX-E03,2324,12,1,2,0,66.75,66.21,-52.1
8380,2324-TX-E03,2324,13,1,2,0,57.15,58.65,-35.38
6266,2324-TX-E03,2324,14,1,2,0,57.67,50.42,-58.15
10425,2324-TX-E03,2324,15,0,5,0,62.31,59.22,-89.3
14564,2324-TX-E04,2324,1,11,0,0,113.92,105.82,77.36
4892,2324-TX-E04,2324,2,5,3,0,150.83,147.03,24.72
15489,2324-TX-E04,2324,3,5,1,0,112.48,113.23,52.7
4234,2324-TX-E04,2324,4,3,2,0,149.53,138.73,-1.8
18877,2324-TX-E04,2324,5,3,3,0,125.4,115.99,35.08
5550,2324-TX-E04,2324,6,3,1,0,108.7,111.12,2.3
17646,2324-TX-E04,2324,7,3,1,0,120.03,122.84,26.24
9180,2324-TX-E04,2324,8,3,1,0,102.33,86.36,15.96
3058,2324-TX-E04,2324,9,3,2,0,137.47,128.75,47.65
13338,2324-TX-E04,2324,10,3,3,0,76.39,77.96,-6.94
11010,2324-TX-E04,2324,11,2,1,0,141.0,133.2,43.67
1656,2324-TX-E04,2324,12,2,2,0,93.26,93.04,-22.97
9111,2324-TX-E04,2324,13,2,2,0,90.27,87.39,26.71
19695,2324-TX-E04,2324,14,2,3,0,74.64,74.51,-25.03
15176,2324-TX-E04,2324,15,2,6,0,38.81,38.21,-57.08
12453,2324-TX-E04,2324,16,2,5,0,61.08,55.65,-32.08
5204,2324-TX-E04,2324,17,1,5,0,103.27,93.94,-19.16
15938,2324-TX-E04,2324,18,1,2,0,129.24,117.99,18.75
9984,2324-TX-E04,2324,19,1,1,0,75.62,77.42,-53.77
15093,2324-TX-E04,2324,20,1,5,0,53.01,54.55,-34.55
3726,2324-TX-E04,2324,21,1,4,0,69.83,63.97,-45.75
5790,2324-TX-E04,2324,22,1,2,0,26.02,30.09,-42.69
15967,2324-TX-E04,2324,23,1,2,0,48.82,41.27,-66.08
24626,2324-TX-E04,2324,24,1,4,0,37.36,40.99,-51.84
23347,2324-TX-E04,2324,25,0,1,0,40.92,46.35,-92.92
